time,open,high,low,close,VWAP,Upper Band #1,Lower Band #1,Plot,Plot,Plot,Plot,Trailing Stop,Buy,Sell,Volume,Volume MA,RSI,RSI-based MA,Upper Bollinger Band,Lower Bollinger Band,Regular Bullish,Regular Bullish Label,Regular Bearish,Regular Bearish Label,Histogram,MACD,Signal,%K,%D
2024-10-15T10:32:00+05:30,25026.35,25027.55,25014.1,25024.75,25137.00312,25193.74047,25080.26577,25051.30306,25077.27811,25100.3584,25112.27092,25042.27389,0,0,403152,571100.85,30.28464954,37.7789334,NaN,NaN,NaN,NaN,NaN,NaN,-2.511808013,-13.90194298,-11.39013497,19.17191719,14.83812018
2024-10-15T10:33:00+05:30,25025,25041.65,25023.7,25040.45,25136.25979,25193.44963,25079.06995,25050.26944,25075.83387,25099.1721,25111.55629,25042.27389,0,0,528141,572663.7,41.25773794,37.59370393,NaN,NaN,NaN,NaN,NaN,NaN,-1.351723013,-13.07978873,-11.72806572,47.43474347,28.80549545
2024-10-15T10:34:00+05:30,25040.15,25044.4,25033.7,25044.4,25135.67225,25193.17236,25078.17215,25049.71044,25074.60117,25098.0875,25110.88807,25021.15091,1,0,447813,559262.75,43.66041941,37.75909061,NaN,NaN,NaN,NaN,NaN,NaN,-0.194742347,-11.97149365,-11.77675131,56.3197026,40.97545442
2024-10-15T10:35:00+05:30,25044.7,25048.45,25040.9,25047.8,25134.9067,25192.75481,25077.05859,25049.52849,25073.55014,25097.09171,25110.26032,25025.17776,0,0,624291,562435.55,45.71850685,38.25320727,NaN,NaN,NaN,NaN,NaN,NaN,0.864985887,-10.69551895,-11.56050483,62.6394052,55.46461709
2024-10-15T10:36:00+05:30,25048.9,25061.35,25047.7,25060.9,25134.3658,25192.3771,25076.3545,25050.61149,25073.05406,25096.37504,25109.76918,25037.91794,0,0,510567,564942.35,52.86325415,39.07038451,NaN,NaN,NaN,NaN,NaN,NaN,2.425265335,-8.528923166,-10.9541885,86.98884758,68.64931846
2024-10-15T10:37:00+05:30,25061.1,25064.05,25056.8,25062.15,25133.7077,25191.87102,25075.54437,25051.7104,25072.62645,25095.69732,25109.29535,25039.8204,0,0,668600,558903.55,53.4923015,39.61294196,NaN,NaN,NaN,NaN,NaN,NaN,3.455721175,-6.634537032,-10.09025821,89.31226766,79.64684015
2024-10-15T10:38:00+05:30,25063.5,25070.85,25061.75,25070.85,25133.2742,25191.4901,25075.0583,25053.53322,25072.55678,25095.20529,25108.91281,25048.83806,0,0,493618,557833.75,57.72131554,40.4904546,NaN,NaN,NaN,NaN,NaN,NaN,4.567640951,-4.380707018,-8.948347969,100,92.10037175
2024-10-15T10:39:00+05:30,25071.6,25081.4,25069.65,25081.3,25132.82163,25191.01678,25074.62648,25056.17767,25072.89966,25094.92994,25108.63806,25059.1736,0,0,613241,564564.25,62.17092342,41.88696883,NaN,NaN,NaN,NaN,NaN,NaN,5.773602406,-1.731344962,-7.504947368,99.85141159,96.38789308
2024-10-15T10:40:00+05:30,25080.25,25081.75,25075.8,25079.3,25132.37012,25190.52862,25074.21163,25058.3798,25073.15065,25094.62043,25108.34614,25059.1736,0,0,639337,565831.95,60.8509475,43.45004171,NaN,NaN,NaN,NaN,NaN,NaN,6.167599749,0.204552319,-5.96304743,96.37841833,98.74327664
2024-10-15T10:41:00+05:30,25079.6,25080,25074.1,25079.1,25131.84417,25189.96741,25073.72094,25060.35315,25073.38396,25094.3131,25108.05513,25059.1736,0,0,741451,570407.65,60.71213171,45.07350325,NaN,NaN,NaN,NaN,NaN,NaN,6.132834313,1.702995461,-4.429838852,96.08277901,97.43753631
2024-10-15T10:42:00+05:30,25080.15,25086.3,25078.9,25086.1,25131.59742,25189.67301,25073.52183,25062.80523,25073.88263,25094.15046,25107.83667,25065.94068,0,0,397356,566683.15,63.8228362,47.11458751,NaN,NaN,NaN,NaN,NaN,NaN,6.276660344,3.415986578,-2.860673766,99.72299169,97.39472968
2024-10-15T10:43:00+05:30,25086.85,25097.2,25086.35,25094.05,25131.31754,25189.27843,25073.35666,25065.78093,25074.6735,25094.14847,25107.69949,25073.73371,0,0,558693,577346.65,67.01691305,49.76247922,NaN,NaN,NaN,NaN,67.01691305,NaN,6.571205451,5.353333048,-1.217872403,96.20938628,97.33838566
2024-10-15T10:44:00+05:30,25093.35,25093.8,25086.25,25089.25,25131.09326,25188.97762,25073.2089,25068.01608,25075.24513,25094.05147,25107.51591,25073.73371,0,0,423201,574651.65,63.37850322,52.43411773,NaN,NaN,NaN,NaN,NaN,NaN,6.116125494,6.427284464,0.31115897,90.433213,95.45519699
2024-10-15T10:45:00+05:30,25088.65,25097.1,25088.65,25094.95,25130.84299,25188.61481,25073.07117,25070.58121,25076.01787,25094.06927,25107.39088,25075.23138,0,0,526387,579163.85,65.75605145,54.90760653,NaN,NaN,NaN,NaN,NaN,NaN,5.871196695,7.650154839,1.778958144,97.29241877,94.64500602
2024-10-15T10:46:00+05:30,25095.6,25095.7,25086.65,25086.65,25130.64302,25188.34543,25072.94061,25072.11157,25076.43482,25093.92235,25107.1845,25075.23138,0,0,385194,575825.8,59.68014557,57.00728482,NaN,NaN,NaN,NaN,NaN,NaN,4.863997205,7.85895465,2.994957445,85.6462585,91.12396342
2024-10-15T10:47:00+05:30,25086.95,25091.65,25083.45,25090.55,25130.35478,25187.96396,25072.7456,25073.86761,25076.98835,25093.85557,25107.01899,25075.23138,0,0,546862,547534.6,61.48116997,58.45181568,NaN,NaN,NaN,NaN,NaN,NaN,4.19930974,8.24409462,4.04478488,89.52755906,90.82207878
2024-10-15T10:48:00+05:30,25090.7,25091.9,25081.5,25085.05,25130.04219,25187.5667,25072.51768,25074.9326,25077.3045,25093.6812,25106.80039,25075.23138,0,0,568757,550379.55,57.57528454,59.44573462,NaN,NaN,NaN,NaN,NaN,NaN,3.174689076,8.013146225,4.838457149,78.41918295,84.53100017
2024-10-15T10:49:00+05:30,25086.15,25087.55,25076.3,25077.9,25129.80039,25187.28771,25072.31306,25075.21521,25077.32785,25093.36871,25106.51282,25075.23138,0,0,395151,538378.65,52.87269713,59.95674821,NaN,NaN,NaN,NaN,NaN,NaN,1.86564666,7.170515474,5.304868814,61.01010101,76.31894767
2024-10-15T10:50:00+05:30,25077.25,25078,25074.95,25076.8,25129.42964,25186.88712,25071.97217,25075.36614,25077.30715,25093.04061,25106.21717,25075.23138,0,0,567032,526642.95,52.16676008,59.90699863,NaN,NaN,NaN,NaN,NaN,NaN,0.828801047,6.340870122,5.512069076,49.5049505,62.97807815
2024-10-15T10:51:00+05:30,25076.3,25085.45,25075.9,25084.75,25129.12573,25186.52351,25071.72795,25076.25984,25077.59903,25092.87644,25106.00357,25075.23138,0,0,525270,528205.7,56.66959839,60.13394841,NaN,NaN,NaN,NaN,NaN,NaN,0.592577129,6.252790487,5.660213358,64.88011283,58.46505478
2024-10-15T10:52:00+05:30,25085.85,25096.35,25084.3,25091.7,25128.82307,25186.09446,25071.55168,25077.73034,25078.15201,25092.85315,25105.86124,25075.23138,0,0,651776,540636.9,60.1971478,60.31079357,NaN,NaN,NaN,NaN,NaN,NaN,0.80538236,6.666941308,5.861558948,80.03629764,64.80712032
2024-10-15T10:53:00+05:30,25091.55,25091.55,25086.9,25088.65,25128.59853,25185.78583,25071.41124,25078.7703,25078.56369,25092.76991,25105.68999,25075.23138,0,0,468586,537659.15,57.96686506,60.01050369,NaN,NaN,NaN,NaN,NaN,NaN,0.648462493,6.672137064,6.023674571,62.98701299,69.30114115
2024-10-15T10:54:00+05:30,25087.5,25097.15,25087.5,25095.95,25128.39369,25185.47629,25071.31109,25080.40646,25079.24551,25092.83289,25105.59307,25077.50945,0,0,487936,539665.3,61.63100566,60.06622213,NaN,NaN,NaN,NaN,61.63100566,NaN,0.92706694,7.182508246,6.255441306,94.58874459,79.20401841
2024-10-15T10:55:00+05:30,25096.5,25097.65,25067.7,25071.5,25127.91272,25184.92391,25070.90153,25079.55823,25078.94176,25092.41045,25105.25384,25093.12974,0,1,820485,549475,46.88808495,59.07879022,NaN,NaN,46.88808495,NaN,NaN,NaN,-0.564279116,5.550092411,6.114371527,12.68781302,56.75452353
2024-10-15T10:56:00+05:30,25070.5,25083,25068.4,25081.1,25127.61657,25184.59045,25070.64268,25079.70507,25079.0264,25092.18648,25105.0135,25093.12974,0,0,498436,548868.45,51.7668199,58.2176462,NaN,NaN,NaN,NaN,NaN,NaN,-0.912539473,4.973697186,5.886236659,44.74123539,50.67259767
2024-10-15T10:57:00+05:30,25081.5,25081.5,25074.45,25076,25127.38157,25184.32561,25070.43752,25079.3522,25078.90772,25091.86596,25104.72481,25093.12974,0,0,398253,535351.1,49.18214256,56.94373402,NaN,NaN,NaN,NaN,NaN,NaN,-1.462119273,4.058587568,5.520706841,27.71285476,28.38063439
2024-10-15T10:58:00+05:30,25075.15,25078.55,25068.9,25077.1,25127.01255,25183.92559,25070.0995,25079.13771,25078.83683,25091.57356,25104.44994,25093.12974,0,0,603046,540822.5,49.76474282,55.97132256,NaN,NaN,NaN,NaN,NaN,NaN,-1.710070336,3.383118921,5.093189257,31.38564274,34.6132443
2024-10-15T10:59:00+05:30,25077.25,25079.4,25074.45,25078.25,25126.78169,25183.66262,25069.90076,25079.05316,25078.81381,25091.30973,25104.18924,25093.12974,0,0,401059,530213.4,50.40489463,54.87481136,NaN,NaN,NaN,NaN,NaN,NaN,-1.748879867,2.907089423,4.65596929,35.22537563,31.44129104
2024-10-15T11:00:00+05:30,25077.8,25081.05,25076.15,25076.5,25126.57482,25183.42389,25069.72575,25078.81,25078.72308,25091.01647,25103.91373,25093.12974,0,0,366549,516574,49.37380636,54.13864428,NaN,NaN,NaN,NaN,NaN,NaN,-1.835654251,2.361401476,4.197055727,29.38230384,31.99777407
2024-10-15T11:01:00+05:30,25076.65,25078.25,25074.85,25076.85,25126.30003,25183.11264,25069.48743,25078.62334,25078.64962,25090.73595,25103.64444,25093.12974,0,0,479359,503469.4,49.59588348,53.28969524,NaN,NaN,NaN,NaN,NaN,NaN,-1.809742299,1.934877854,3.744620153,30.5509182,31.71953255
2024-10-15T11:02:00+05:30,25076.7,25076.75,25069.1,25069.75,25126.005,25182.80421,25069.20579,25077.77826,25078.30062,25090.32038,25103.30718,25088.21214,0,0,474627,507332.95,45.25871992,52.40994062,NaN,NaN,NaN,NaN,NaN,NaN,-2.185875907,1.012275268,3.198151176,6.844741235,22.25932109
2024-10-15T11:03:00+05:30,25069.35,25072.15,25067.95,25071.35,25125.73814,25182.53065,25068.94562,25077.16604,25078.02804,25089.94473,25102.9892,25088.21214,0,0,422927,500544.65,46.39634944,51.94734436,NaN,NaN,NaN,NaN,NaN,NaN,-2.234090611,0.405537912,2.639628523,12.1869783,16.52754591
2024-10-15T11:04:00+05:30,25071.9,25072.55,25068.3,25069.15,25125.41676,25182.20234,25068.63118,25076.40261,25077.67988,25089.53295,25102.65249,25086.13135,0,0,510281,504898.65,45.01120852,51.43623353,NaN,NaN,NaN,NaN,NaN,NaN,-2.311659782,-0.249946204,2.061713578,4.841402337,7.95770729
2024-10-15T11:05:00+05:30,25069.35,25069.35,25064.3,25066.75,25125.18465,25181.97712,25068.39217,25075.48331,25077.25126,25089.08181,25102.29525,25083.20201,0,0,351843,496171.45,43.48598767,50.49454706,NaN,NaN,43.48598767,NaN,NaN,NaN,-2.411056252,-0.952106737,1.458949515,7.346326837,8.12490249
2024-10-15T11:06:00+05:30,25066.65,25069.05,25063.7,25068.9,25124.92731,25181.72447,25068.13015,25074.85633,25076.92376,25088.68217,25101.96296,25083.20201,0,0,396203,496721.9,45.27498563,49.42867833,NaN,NaN,NaN,NaN,NaN,NaN,-2.223057468,-1.31987232,0.903185148,15.31664212,9.168123765
2024-10-15T11:07:00+05:30,25068.35,25072.9,25064.9,25071.55,25124.67268,25181.46175,25067.88361,25074.54144,25076.71303,25088.34292,25101.66034,25083.20201,0,0,414026,490080.1,47.4817504,48.67974157,NaN,NaN,NaN,NaN,NaN,NaN,-1.827804484,-1.381570457,0.446234027,23.12223859,15.26173585
2024-10-15T11:08:00+05:30,25072.55,25078.8,25071,25073.55,25124.43563,25181.195,25067.67626,25074.44702,25076.58899,25088.04999,25101.38064,25083.20201,0,0,425209,482902.7,49.14839734,47.78812669,NaN,NaN,NaN,NaN,49.14839734,NaN,-1.360683942,-1.254620901,0.106063041,29.01325479,22.48404516
2024-10-15T11:09:00+05:30,25073.7,25075,25067.85,25070.75,25124.28844,25181.03817,25067.5387,25074.09492,25076.36001,25087.70741,25101.07585,25083.20201,0,0,249782,475634.25,46.90421591,47.7892789,NaN,NaN,NaN,NaN,NaN,NaN,-1.176228951,-1.364223147,-0.187994196,36.52849741,29.55466359
2024-10-15T11:10:00+05:30,25071.75,25071.75,25065.85,25067.25,25124.02585,25180.77151,25067.28019,25073.44303,25076.00275,25087.30232,25100.73928,25082.78693,0,0,425555,468560.4,44.18809806,47.24794162,NaN,NaN,NaN,NaN,NaN,NaN,-1.220604186,-1.713749429,-0.493145243,19.94382022,28.49519081
2024-10-15T11:11:00+05:30,25066.65,25068.3,25063.5,25064.5,25123.86144,25180.61212,25067.11075,25072.59131,25075.55166,25086.85078,25100.37869,25079.58024,0,0,255398,455066.8,42.12406641,46.74379333,NaN,NaN,42.12406641,NaN,NaN,NaN,-1.355434301,-2.187438119,-0.832003818,5.698005698,20.72344111
2024-10-15T11:12:00+05:30,25065.15,25066.9,25063.55,25066.75,25123.68072,25180.43545,25066.92599,25072.03499,25075.2065,25086.45275,25100.04407,25079.58024,0,0,283861,436671.05,44.41191492,46.36144848,NaN,NaN,NaN,NaN,NaN,NaN,-1.217714135,-2.354146487,-1.136432352,18.51851852,14.72011481
2024-10-15T11:13:00+05:30,25066.85,25071.15,25064.55,25065.6,25123.48762,25180.24143,25066.73381,25071.42214,25074.82977,25086.03982,25099.70135,25079.58024,0,0,312667,428875.1,43.4661559,45.86582428,NaN,NaN,NaN,NaN,NaN,NaN,-1.130588892,-2.549668467,-1.419079575,11.96581197,12.06077873
2024-10-15T11:14:00+05:30,25065.7,25072.5,25063.35,25072.5,25123.2684,25180.01103,25066.52577,25071.52479,25074.73841,25085.77171,25099.43069,25079.58024,0,0,373173,423136.95,50.30426527,45.93228563,NaN,NaN,NaN,NaN,50.30426527,NaN,-0.563433782,-2.123371803,-1.55993802,59.22330097,29.90254382
2024-10-15T11:15:00+05:30,25072.65,25074.2,25065,25066.15,25123.02456,25179.75825,25066.29087,25071.01291,25074.40161,25085.38316,25099.09954,25079.58024,0,0,411008,402663.1,44.91944485,45.5982543,NaN,NaN,NaN,NaN,NaN,NaN,-0.569436325,-2.271733427,-1.702297102,18.12297735,29.77069676
2024-10-15T11:16:00+05:30,25066.45,25067.3,25063.75,25064.25,25122.80472,25179.54255,25066.06688,25070.36882,25074.00351,25084.96468,25098.75277,25078.58136,0,0,352030,395342.8,43.42170014,45.4670386,NaN,NaN,NaN,NaN,NaN,NaN,-0.649081853,-2.513649418,-1.864567565,5.825242718,27.72384035
2024-10-15T11:17:00+05:30,25064.3,25064.8,25062.3,25062.6,25122.4956,25179.24766,25065.74354,25069.62893,25073.55631,25084.52182,25098.39304,25076.21356,0,0,483802,399620.25,42.10862522,45.16077259,NaN,NaN,42.10862522,NaN,NaN,NaN,-0.753276423,-2.806163093,-2.052886671,1.818181818,8.588800628
2024-10-15T11:18:00+05:30,25062.5,25065.55,25061.4,25064.8,25122.23111,25178.99094,25065.47129,25069.16903,25073.21293,25084.13129,25098.05879,25076.21356,0,0,422870,390611.45,44.51775463,45.12552588,NaN,NaN,NaN,NaN,NaN,NaN,-0.619980929,-2.827862832,-2.207881903,19.54022989,9.061218141
2024-10-15T11:19:00+05:30,25063.55,25067.85,25061.15,25067.2,25121.9756,25178.73517,25065.21603,25068.98151,25072.97713,25083.79601,25097.75173,25076.21356,0,0,422985,391707.75,47.10384454,45.38394423,NaN,NaN,NaN,NaN,NaN,NaN,-0.33064224,-2.621184703,-2.290542463,34.2776204,18.54534403
2024-10-15T11:20:00+05:30,25067.65,25073.4,25066.65,25073.2,25121.7412,25178.47465,25065.00775,25069.38327,25072.98587,25083.58619,25097.50744,25076.21356,0,0,435333,395146.95,53.00172785,45.93585439,NaN,NaN,NaN,NaN,53.00172785,NaN,0.271830879,-1.950753865,-2.222584743,68.27195467,40.69660165
2024-10-15T11:21:00+05:30,25073.25,25075.05,25066.55,25066.95,25121.53829,25178.25455,25064.82202,25069.15153,25072.74916,25083.25676,25097.20338,25076.21356,0,0,368663,389612.15,47.10932538,45.9092526,NaN,NaN,NaN,NaN,NaN,NaN,0.256602016,-1.901832224,-2.158434239,32.8611898,45.13692162
2024-10-15T11:22:00+05:30,25066.75,25070,25064.55,25067.95,25121.34293,25178.0494,25064.63645,25069.0371,25072.56096,25082.95366,25096.9123,25076.21356,0,0,344276,383094.6,48.10346056,45.83461426,NaN,NaN,NaN,NaN,NaN,NaN,0.317101054,-1.762057921,-2.079158976,48.92086331,50.0180026
2024-10-15T11:23:00+05:30,25066.95,25067.8,25058.65,25060.05,25121.11455,25177.8303,25064.3988,25068.18118,25072.07034,25082.50012,25096.54552,25073.78369,0,0,368944,380395.45,41.4716854,45.44657637,NaN,NaN,NaN,NaN,NaN,NaN,-0.14680653,-2.262667138,-2.115860608,8.536585366,30.10621283
2024-10-15T11:24:00+05:30,25059.65,25059.85,25053.45,25053.45,25120.71266,25177.48523,25063.94009,25066.77821,25071.34013,25081.92487,25096.1167,25067.14264,0,0,589902,384376.5,36.89526761,44.92565991,NaN,NaN,NaN,NaN,NaN,NaN,-0.83178566,-3.155592683,-2.323807023,0,19.15248289
2024-10-15T11:25:00+05:30,25052.75,25054.75,25044.8,25047.9,25120.36959,25177.22121,25063.51798,25064.98029,25070.42091,25081.25111,25095.63694,25062.07013,0,0,463341,389951.4,33.54320398,44.31274116,NaN,NaN,33.54320398,NaN,NaN,NaN,-1.550516058,-4.261952096,-2.711436038,10.24793388,6.261506417
2024-10-15T11:26:00+05:30,25046.75,25055.15,25046.75,25053.25,25120.09514,25176.99814,25063.19214,25063.86312,25069.74754,25080.69663,25095.21518,25062.07013,0,0,387934,389537.95,39.27094767,43.94552921,NaN,NaN,NaN,NaN,NaN,NaN,-1.553577588,-4.653408022,-3.099830435,27.9338843,12.72727273
2024-10-15T11:27:00+05:30,25053.7,25057.6,25052.2,25056.8,25119.86564,25176.79723,25062.93405,25063.19044,25069.23979,25080.22343,25094.83294,25062.07013,0,0,346182,386145.75,42.79419806,43.89753223,NaN,NaN,NaN,NaN,NaN,NaN,-1.219242122,-4.623883087,-3.404640965,39.66942149,25.95041322
2024-10-15T11:28:00+05:30,25057.3,25057.9,25045.2,25046.1,25119.58741,25176.57673,25062.59809,25061.56278,25068.33235,25079.54772,25094.34803,25061.06704,0,0,387893,384279.95,36.01247459,42.87669003,NaN,NaN,NaN,NaN,NaN,NaN,-1.597581983,-5.401618444,-3.804036461,4.297520661,23.96694215
2024-10-15T11:29:00+05:30,25046.3,25052.3,25046.2,25048.75,25119.26445,25176.32206,25062.20684,25060.34251,25067.56441,25078.93786,25093.89432,25061.06704,0,0,449934,394287.55,38.60736051,42.42582687,NaN,NaN,NaN,NaN,NaN,NaN,-1.547172708,-5.738002346,-4.190829638,13.05785124,19.00826446
2024-10-15T11:30:00+05:30,25047.65,25049.35,25045.75,25048.7,25119.00657,25176.12163,25061.89151,25059.2337,25066.82463,25078.33909,25093.44462,25061.06704,0,0,356395,390829.55,38.5755739,42.07967499,NaN,NaN,NaN,NaN,NaN,NaN,-1.39945569,-5.940149251,-4.540693561,12.89256198,10.08264463
2024-10-15T11:31:00+05:30,25048.25,25054.85,25047.1,25054.25,25118.79469,25175.94312,25061.64627,25058.75906,25066.33151,25077.86208,25093.05463,25061.06704,0,0,313012,393710.25,44.07927119,42.22043542,NaN,NaN,NaN,NaN,NaN,NaN,-0.837923075,-5.588097404,-4.750174329,31.23966942,19.06336088
2024-10-15T11:32:00+05:30,25054.35,25058.2,25052.2,25056.15,25118.51841,25175.69436,25061.34246,25058.51058,25065.93223,25077.43214,25092.68742,25061.06704,0,0,433673,401200.85,45.86747501,42.31684402,NaN,NaN,NaN,NaN,NaN,NaN,-0.277480004,-5.097024335,-4.81954433,37.52066116,27.21763085
2024-10-15T11:33:00+05:30,25056.45,25056.55,25048.2,25052.4,25118.15081,25175.37925,25060.92236,25057.92862,25065.40156,25076.93645,25092.28655,25061.06704,0,0,555189,413326.95,42.94834789,42.02002283,NaN,NaN,NaN,NaN,NaN,NaN,-0.107036558,-4.953340028,-4.84630347,25.12396694,31.29476584
2024-10-15T11:34:00+05:30,25052.5,25058.6,25051.4,25058.6,25117.96427,25175.20721,25060.72132,25057.99256,25065.13483,25076.57336,25091.95136,25061.06704,0,0,301661,409751.35,48.75522782,41.7167014,NaN,NaN,NaN,NaN,48.75522782,NaN,0.445257464,-4.28973164,-4.734989104,45.61983471,36.08815427
2024-10-15T11:35:00+05:30,25057.9,25060.95,25057.15,25057.5,25117.75401,25175.00446,25060.50356,25057.94565,25064.83543,25076.19567,25091.60856,25061.06704,0,0,355691,406985.5,47.82515556,41.76783213,NaN,NaN,NaN,NaN,NaN,NaN,0.741052087,-3.808673995,-4.549726082,50.3968254,40.38020902
2024-10-15T11:36:00+05:30,25057.45,25057.55,25049,25050.95,25117.55216,25174.82873,25060.27559,25057.2794,25064.2909,25075.69575,25091.204,25061.06704,0,0,311965,404982.25,42.61242744,41.37561548,NaN,NaN,NaN,NaN,NaN,NaN,0.511076538,-3.91088041,-4.421956948,26.73913043,40.91859685
2024-10-15T11:37:00+05:30,25051.25,25052.15,25046.3,25047.45,25117.37217,25174.68195,25060.0624,25056.34327,25063.63047,25075.13643,25090.76863,25061.06704,0,0,264073,393995.8,40.0974349,41.27745473,NaN,NaN,NaN,NaN,NaN,NaN,0.157093156,-4.225590503,-4.382683659,16.40866873,31.18154152
2024-10-15T11:38:00+05:30,25047.05,25052.7,25046,25052.1,25116.69625,25174.10905,25059.28345,25055.93915,25063.1783,25074.68026,25090.38387,25061.06704,0,0,1028849,424294.75,44.76196837,41.83936192,NaN,NaN,NaN,NaN,NaN,NaN,0.263696375,-4.05306319,-4.316759565,45.20123839,29.44967919
2024-10-15T11:39:00+05:30,25051.45,25056.4,25051.45,25054.35,25116.42218,25173.85819,25058.98618,25055.7878,25062.83209,25074.27768,25090.02532,25061.06704,0,0,448948,425592.9,46.91594569,42.79455776,NaN,NaN,NaN,NaN,NaN,NaN,0.499634624,-3.692216286,-4.191850909,58.0952381,39.90171507
2024-10-15T11:40:00+05:30,25053.9,25054.2,25048.95,25049.6,25116.14597,25173.61772,25058.67423,25055.19848,25062.31318,25073.78902,25089.62308,25061.06704,0,0,434427,425547.6,43.09536585,43.06773049,NaN,NaN,NaN,NaN,NaN,NaN,0.356406876,-3.746342314,-4.10274919,27.93650794,43.74432814
2024-10-15T11:41:00+05:30,25048.75,25050.85,25040.55,25041.15,25115.76368,25173.32077,25058.20658,25053.86053,25061.48325,25073.1427,25089.14076,25055.03392,0,0,550251,434627,37.27935768,42.67381332,NaN,NaN,37.27935768,NaN,NaN,NaN,-0.253904217,-4.420129461,-4.166225244,2.941176471,29.65764083
2024-10-15T11:42:00+05:30,25041.25,25044,25037.6,25043.65,25115.42981,25173.07072,25057.7889,25052.8881,25060.78391,25072.55869,25088.68812,25055.03392,0,0,469344,440880.4,39.86512152,42.94900238,NaN,NaN,NaN,NaN,NaN,NaN,-0.425598468,-4.698223329,-4.272624861,25.91006424,18.92924955
2024-10-15T11:43:00+05:30,25043.95,25047.1,25040.8,25046.35,25115.08985,25172.79953,25057.38018,25052.26543,25060.21788,25072.0397,25088.26684,25055.03392,0,0,502865,447576.45,42.61664204,43.23537963,NaN,NaN,NaN,NaN,NaN,NaN,-0.299642125,-4.647177518,-4.347535393,37.4732334,22.10815804
2024-10-15T11:44:00+05:30,25046.5,25056.5,25045.7,25056.5,25114.90361,25172.62692,25057.18029,25052.66872,25060.07208,25071.73198,25087.95076,25042.18475,1,0,314050,433783.85,51.58500493,44.16462471,NaN,NaN,NaN,NaN,NaN,NaN,0.482397543,-3.744538463,-4.226936007,80.94218415,48.10849393
2024-10-15T11:45:00+05:30,25056.35,25056.35,25046.35,25047.85,25114.6958,25172.44257,25056.94904,25052.20979,25059.59278,25071.25907,25087.55174,25042.18475,0,0,337781,427505.85,45.11397958,44.23853245,NaN,NaN,NaN,NaN,NaN,NaN,0.433790157,-3.68469831,-4.118488467,43.89721627,54.10421128
2024-10-15T11:46:00+05:30,25048.45,25050.45,25044.65,25048.25,25114.3972,25172.18732,25056.60708,25051.83267,25059.14796,25070.80345,25087.16068,25042.18475,0,0,471578,431688.05,45.45472913,44.2090506,NaN,NaN,NaN,NaN,NaN,NaN,0.443658531,-3.563915303,-4.007573835,45.61027837,56.8165596
2024-10-15T11:47:00+05:30,25048.8,25056.05,25047.7,25053.25,25114.19283,25171.99718,25056.38847,25051.96765,25058.91667,25070.45586,25086.82326,25042.18475,0,0,349125,431835.2,49.66167576,44.68857402,NaN,NaN,NaN,NaN,NaN,NaN,0.782211128,-3.029809924,-3.812021052,67.0235546,52.17701642
2024-10-15T11:48:00+05:30,25054.75,25054.75,25049.3,25051.45,25113.9364,25171.75965,25056.11315,25051.91835,25058.62386,25070.0795,25086.47129,25042.18475,0,0,437775,434329.3,48.21981725,44.65033041,NaN,NaN,NaN,NaN,NaN,NaN,0.873286211,-2.720413289,-3.5936995,59.31477516,57.31620271
2024-10-15T11:49:00+05:30,25051,25061.95,25050.45,25060.15,25113.72882,25171.5466,25055.91105,25052.70232,25058.68371,25069.88288,25086.20939,25045.08293,0,0,393129,431489.05,55.01770942,45.16408425,NaN,NaN,NaN,NaN,NaN,NaN,1.47256795,-1.752989563,-3.225557512,92.60780287,72.98204421
2024-10-15T11:50:00+05:30,25060.25,25062.2,25057.95,25059.7,25113.53632,25171.33982,25055.73282,25053.36877,25058.72356,25069.68124,25085.94561,25045.13809,0,0,383866,432862.6,54.61829223,46.02164602,NaN,NaN,NaN,NaN,NaN,NaN,1.771680532,-1.010956848,-2.782637379,89.83739837,80.5866588
2024-10-15T11:51:00+05:30,25059.55,25061.2,25055.7,25060.7,25113.37672,25171.17012,25055.58331,25054.06698,25058.80107,25069.50339,25085.69441,25046.41208,0,0,315917,433007.85,55.39328326,47.11420662,NaN,NaN,NaN,NaN,NaN,NaN,1.95547052,-0.33829923,-2.293769749,93.90243902,92.11588009
2024-10-15T11:52:00+05:30,25060.3,25067.7,25059.85,25067.5,25113.23077,25170.99783,25055.4637,25055.34631,25059.14221,25069.46372,25085.51337,25053.10346,0,0,325577,427603.05,60.3516085,48.22775235,NaN,NaN,NaN,NaN,NaN,NaN,2.423029503,0.735017129,-1.688012374,99.33554817,94.35846186
2024-10-15T11:53:00+05:30,25067.7,25069.75,25063.55,25068.8,25113.04221,25170.76506,25055.31936,25056.62762,25059.52094,25069.45058,25085.34707,25054.55704,0,0,445343,422110.75,61.23866763,49.25080391,NaN,NaN,NaN,NaN,NaN,NaN,2.687419454,1.671261944,-1.01615751,97.04510109,96.76102943
2024-10-15T11:54:00+05:30,25067.9,25070.4,25066.7,25068.55,25112.88849,25170.57064,25055.20633,25057.76308,25059.87502,25069.43274,25085.17993,25054.83342,0,0,375560,425805.7,60.95622749,50.52657974,NaN,NaN,NaN,NaN,NaN,NaN,2.705564684,2.365798344,-0.339766339,94.3597561,96.91346845
2024-10-15T11:55:00+05:30,25068.7,25069.15,25062.6,25067.95,25112.60706,25170.22627,25054.98785,25058.73326,25060.19169,25069.40338,25085.00849,25054.83342,0,0,664450,441243.65,60.23815503,52.16649384,NaN,NaN,NaN,NaN,NaN,NaN,2.539914577,2.835126882,0.295212305,92.5304878,94.645115
2024-10-15T11:56:00+05:30,25067.85,25073.45,25064.5,25071.75,25112.44089,25170.00933,25054.87246,25059.97295,25060.64496,25069.44985,25084.87657,25057.7554,0,0,427171,447003.95,63.19528669,53.83293421,NaN,NaN,NaN,NaN,NaN,NaN,2.542757508,3.47365919,0.930901682,94.79326187,93.89450192
2024-10-15T11:57:00+05:30,25071.6,25081.35,25071.6,25078.3,25112.27152,25169.75376,25054.78927,25061.71839,25061.33731,25069.6251,25084.81113,25063.88191,0,0,528479,460224.25,67.65993639,55.62174095,NaN,NaN,NaN,NaN,NaN,NaN,2.820762697,4.456855054,1.636092356,91.6893733,93.00437432
2024-10-15T11:58:00+05:30,25078.75,25084.2,25078,25084.2,25112.16668,25169.57629,25054.75706,25063.85949,25062.23389,25069.91371,25084.80505,25069.93715,0,0,385099,428036.75,71.0648429,57.01315795,NaN,NaN,NaN,NaN,71.0648429,NaN,3.208750197,5.647030103,2.438279906,100,95.49421172
2024-10-15T11:59:00+05:30,25083.7,25085.15,25079.5,25083.1,25112.08019,25169.42807,25054.73231,25065.69192,25063.05217,25070.17483,25084.78808,25069.93715,0,0,324590,421818.85,69.59368426,58.76170828,NaN,NaN,NaN,NaN,NaN,NaN,3.191296495,6.427400525,3.236104029,94.9382716,95.5425483
2024-10-15T12:00:00+05:30,25082.5,25083.65,25075,25078.55,25111.96134,25169.24003,25054.68264,25066.9165,25063.65992,25070.34067,25084.72601,25069.93715,0,0,401168,420155.9,63.717854,60.0662172,NaN,NaN,NaN,NaN,NaN,NaN,2.693190504,6.60259216,3.909401656,82.376502,92.43825787
2024-10-15T12:01:00+05:30,25078.75,25079.8,25074.55,25078.35,25111.8449,25169.06145,25054.62835,25068.00541,25064.23601,25070.49927,25084.66257,25069.93715,0,0,378505,411568.6,63.46420594,61.05211221,NaN,NaN,NaN,NaN,NaN,NaN,2.191401021,6.648652932,4.457251911,81.0320781,86.11561724
2024-10-15T12:02:00+05:30,25077.6,25087.4,25075.95,25087.15,25111.72269,25168.84595,25054.59942,25069.8287,25065.13459,25070.82899,25084.68732,25072.47013,0,0,484172,412310,69.26223122,62.55514178,NaN,NaN,NaN,NaN,NaN,NaN,2.282971758,7.310966609,5.02799485,99.32341001,87.57733004
2024-10-15T12:03:00+05:30,25087.2,25089.5,25085.25,25088.3,25111.64563,25168.69346,25054.59781,25071.58787,25066.04304,25071.17495,25084.72327,25074.0955,0,0,361110,405222.25,69.93372354,63.62057136,NaN,NaN,NaN,NaN,NaN,NaN,2.248240415,7.838295369,5.590054954,96.44970414,92.26839742
2024-10-15T12:04:00+05:30,25087.2,25089.95,25084.95,25085.8,25111.52882,25168.46711,25054.59053,25072.94141,25066.81782,25071.46456,25084.73398,25074.0955,0,0,534297,416234.6,66.53105255,64.47148281,NaN,NaN,NaN,NaN,NaN,NaN,1.89810738,7.962689179,6.064581799,87.88321168,94.55210861
2024-10-15T12:05:00+05:30,25085.95,25086.4,25075.6,25076.25,25111.41183,25168.27922,25054.54443,25073.25651,25067.18771,25071.55932,25084.64956,25074.0955,0,0,413891,420040.1,55.43506601,64.4744673,NaN,NaN,NaN,NaN,NaN,NaN,0.914400528,7.207582459,6.293181931,54.48504983,79.60598855
2024-10-15T12:06:00+05:30,25075.9,25080.75,25074.8,25077.3,25111.29315,25168.0958,25054.4905,25073.64161,25067.58427,25071.67299,25084.57643,25074.0955,0,0,400327,416477.55,56.2980699,64.18492882,NaN,NaN,NaN,NaN,NaN,NaN,0.259532552,6.617597622,6.358065069,53.74771481,65.37199211
2024-10-15T12:07:00+05:30,25076.85,25080.1,25074.7,25078.35,25111.1587,25167.88716,25054.43025,25074.09002,25068.00646,25071.80521,25084.51448,25074.0955,0,0,458333,421937.95,57.1908425,63.89579846,NaN,NaN,NaN,NaN,NaN,NaN,-0.155487852,6.163705255,6.319193106,57.58683729,55.27320065
2024-10-15T12:08:00+05:30,25076.75,25078.95,25073.6,25075,25110.98586,25167.62892,25054.34279,25074.17669,25068.28072,25071.86847,25084.41981,25074.0955,0,0,563079,428203.15,53.43985435,63.35891466,NaN,NaN,NaN,NaN,NaN,NaN,-0.678863721,5.470613454,6.149477176,45.33820841,52.2242535
2024-10-15T12:09:00+05:30,25074.85,25077,25070.05,25071.9,25110.86807,25167.46272,25054.27342,25073.95986,25068.42265,25071.8691,25084.29523,25085.66594,0,1,357630,426428.2,50.16124924,62.63913568,NaN,NaN,NaN,NaN,NaN,NaN,-1.225216787,4.617956193,5.843172979,29.07662083,44.00055551
2024-10-15T12:10:00+05:30,25071.3,25074.5,25069.1,25072.8,25110.76767,25167.32323,25054.21211,25073.8494,25068.59431,25071.88753,25084.18085,25085.66594,0,0,299835,422226.65,51.09925355,61.77513331,NaN,NaN,NaN,NaN,NaN,NaN,-1.49926761,3.969088467,5.468356077,17.74580336,30.72021086
2024-10-15T12:11:00+05:30,25072.1,25076.45,25069.5,25071.4,25110.58929,25167.07331,25054.10527,25073.61612,25068.70434,25071.87788,25084.05368,25084.96565,0,0,541053,433483.45,49.53739723,60.48066623,NaN,NaN,NaN,NaN,NaN,NaN,-1.731641959,3.303803628,5.035445587,11.03117506,19.28453308
2024-10-15T12:12:00+05:30,25071.3,25072.1,25064.9,25065.8,25110.41966,25166.85652,25053.9828,25072.87173,25068.59044,25071.75752,25083.87205,25079.42983,0,0,460433,440226.25,43.77389589,58.53131287,NaN,NaN,NaN,NaN,NaN,NaN,-2.18980028,2.298195237,4.487995517,3.592814371,10.78993093
2024-10-15T12:13:00+05:30,25065.15,25067.8,25063.6,25066.3,25110.21655,25166.60439,25053.82871,25072.24585,25068.50062,25071.64945,25083.6972,25079.42983,0,0,534769,444697.55,44.39594736,56.73147452,NaN,NaN,NaN,NaN,NaN,NaN,-2.371179457,1.524021196,3.895200653,10.24667932,8.290222916
2024-10-15T12:14:00+05:30,25066.75,25075.6,25066.2,25072.15,25110.05654,25166.38334,25053.72973,25072.23672,25068.64373,25071.65937,25083.58231,25079.42983,0,0,484162,450127.65,51.19877678,55.83725472,NaN,NaN,NaN,NaN,51.19877678,NaN,-2.022741733,1.366773486,3.389515219,32.44781784,15.42910384
2024-10-15T12:15:00+05:30,25072.2,25072.55,25062.55,25068.35,25109.83737,25166.09976,25053.57498,25071.86656,25068.63221,25071.59383,25083.43074,25079.42983,0,0,613902,447600.25,47.16240216,54.67284016,NaN,NaN,NaN,NaN,NaN,NaN,-1.97172094,0.924864044,2.896584984,21.16788321,21.28746012
2024-10-15T12:16:00+05:30,25068.4,25070.8,25065.65,25068.5,25109.72214,25165.94884,25053.49543,25071.54593,25068.62703,25071.53257,25083.28218,25079.42983,0,0,329275,442705.45,47.33888978,53.1068872,NaN,NaN,NaN,NaN,NaN,NaN,-1.853216189,0.580064749,2.433280937,21.71532847,25.11034317
2024-10-15T12:17:00+05:30,25069.1,25071.1,25062.9,25063.55,25109.48252,25165.64861,25053.31642,25070.78442,25068.42793,25071.3745,25083.08584,25077.59474,0,0,651581,448860.55,42.31578541,51.13417734,NaN,NaN,NaN,NaN,NaN,NaN,-2.019872245,-0.091559369,1.928312876,3.649635036,15.51094891
2024-10-15T12:18:00+05:30,25064.7,25065.2,25059.6,25059.65,25109.30391,25165.44154,25053.16629,25069.724,25068.0837,25071.14233,25082.85264,25073.47591,0,0,445551,451883.15,38.82067198,49.15486444,NaN,NaN,38.82067198,NaN,NaN,NaN,-2.284912941,-0.9278283,1.357084641,0.186567164,8.517176889
2024-10-15T12:19:00+05:30,25060.2,25065.4,25058.65,25063.3,25109.1647,25165.27684,25053.05255,25069.11219,25067.8961,25070.98704,25082.65809,25073.47591,0,0,356850,453496.15,43.52230545,48.30395297,NaN,NaN,NaN,NaN,NaN,NaN,-2.110694211,-1.281283123,0.829411088,21.04072398,8.292308728
2024-10-15T12:20:00+05:30,25063.05,25066.9,25062.35,25062.9,25109.03013,25165.11251,25052.94774,25068.52055,25067.70018,25070.8269,25082.46149,25073.47591,0,0,359317,451403.6,43.1311165,47.3634563,NaN,NaN,NaN,NaN,NaN,NaN,-1.923939856,-1.575513732,0.348426124,19.81351981,13.68027032
2024-10-15T12:21:00+05:30,25062.55,25070,25062.25,25068,25108.86181,25164.89574,25052.82788,25068.47097,25067.71193,25070.77092,25082.3176,25073.47591,0,0,481466,456551.65,49.37858191,46.80543769,NaN,NaN,NaN,NaN,NaN,NaN,-1.383736187,-1.38124411,0.002492077,46.0591133,28.97111903
2024-10-15T12:22:00+05:30,25068.4,25069.55,25060.7,25061.6,25108.67868,25164.67144,25052.68592,25067.81659,25067.47225,25070.58932,25082.11145,25073.47591,0,0,495151,457100.6,42.99529234,46.05939754,NaN,NaN,NaN,NaN,NaN,NaN,-1.381065024,-1.723839203,-0.342774179,16.07629428,27.31630913
2024-10-15T12:23:00+05:30,25061.8,25067.9,25059.9,25065.95,25108.55047,25164.51216,25052.58878,25067.63882,25067.41255,25070.49745,25081.95064,25073.47591,0,0,354104,456750.3,47.92300956,45.89952328,NaN,NaN,NaN,NaN,NaN,NaN,-1.026261235,-1.625600723,-0.599339488,41.01123596,34.38221451
2024-10-15T12:24:00+05:30,25065.7,25067.95,25063.3,25067.25,25108.40107,25164.32049,25052.48165,25067.60179,25067.40618,25070.43314,25081.80437,25073.47591,0,0,430835,451577.2,49.33263002,45.77333588,NaN,NaN,NaN,NaN,NaN,NaN,-0.661651758,-1.426404185,-0.764752427,48.31460674,35.13404566
2024-10-15T12:25:00+05:30,25067.15,25067.7,25059.4,25060.45,25108.16514,25164.03708,25052.29321,25066.92067,25067.13339,25070.23546,25081.59188,25073.47591,0,0,631670,462466.15,42.80571033,45.29250111,NaN,NaN,NaN,NaN,NaN,NaN,-0.825424735,-1.796533345,-0.971108611,10.61946903,33.31510391
2024-10-15T12:26:00+05:30,25059.8,25069.2,25059.5,25066.65,25107.9083,25163.71187,25052.10473,25066.89489,25067.11443,25070.16446,25081.44321,25073.47591,0,0,737385,479319.05,49.38153776,45.69304695,NaN,NaN,NaN,NaN,NaN,NaN,-0.480281408,-1.57146037,-1.091178963,47.19764012,35.37723863
2024-10-15T12:27:00+05:30,25066.1,25069.8,25065.5,25068.1,25107.74872,25163.49838,25051.99907,25067.00966,25067.15308,25070.12358,25081.31044,25073.47591,0,0,493681,481086.45,50.80606352,46.15091239,NaN,NaN,NaN,NaN,50.80606352,NaN,-0.136291429,-1.261543249,-1.12525182,55.75221239,37.85644051
2024-10-15T12:28:00+05:30,25067.65,25068.7,25062.95,25064.05,25107.57938,25163.2823,25051.87646,25066.72779,25067.03139,25070.00331,25081.13869,25073.47591,0,0,496213,477743.15,46.84092362,45.83963717,NaN,NaN,NaN,NaN,NaN,NaN,-0.161743385,-1.327431051,-1.165687666,38.84892086,47.26625779
2024-10-15T12:29:00+05:30,25062.65,25064.5,25055.95,25058.1,25107.38167,25163.05496,25051.70838,25065.9061,25066.68114,25069.7676,25080.90945,25072.0823,0,0,514581,485590.7,41.69278217,45.44895002,NaN,NaN,41.69278217,NaN,NaN,NaN,-0.53830507,-1.838569004,-1.300263934,14.19141914,36.26418413
2024-10-15T12:30:00+05:30,25058.25,25061.35,25053.55,25061.05,25107.207,25162.85668,25051.55732,25065.44361,25066.46031,25069.59497,25080.71185,25072.0823,0,0,449992,493098.55,44.92477954,45.27651358,NaN,NaN,NaN,NaN,NaN,NaN,-0.545991432,-1.982753223,-1.436761792,42.73504274,31.92512758
2024-10-15T12:31:00+05:30,25060.7,25065.5,25057.95,25060.25,25106.9733,25162.57756,25051.36904,25064.94898,25066.21677,25069.40993,25080.50825,25072.0823,0,0,641442,498118,44.20910907,45.41175098,NaN,NaN,NaN,NaN,NaN,NaN,-0.560142769,-2.136940253,-1.576797484,40.72948328,32.55198172
2024-10-15T12:32:00+05:30,25059.6,25063.1,25058.7,25061.85,25106.86584,25162.44891,25051.28276,25064.65384,25066.04552,25069.26022,25080.32259,25072.0823,0,0,297055,489949.1,46.05988437,45.92883758,NaN,NaN,NaN,NaN,NaN,NaN,-0.42316532,-2.105754134,-1.682588814,50.45592705,44.64015102
2024-10-15T12:33:00+05:30,25062.6,25064.85,25060.55,25063.95,25106.7455,25162.29935,25051.19165,25064.58681,25065.96335,25069.15507,25080.15968,25072.0823,0,0,348860,480653.65,48.47582065,46.2826601,NaN,NaN,NaN,NaN,NaN,NaN,-0.165770548,-1.889801999,-1.724031451,63.2218845,51.46909828
2024-10-15T12:34:00+05:30,25064.15,25069.9,25063.15,25069.65,25106.61461,25162.12164,25051.10758,25065.06902,25066.10792,25069.16487,25080.05511,25072.0823,0,0,425159,477703.5,54.44056917,47.09047814,NaN,NaN,NaN,NaN,NaN,NaN,0.383727824,-1.244371671,-1.628099495,97.87234043,70.51671733
2024-10-15T12:35:00+05:30,25069.3,25072.4,25068.05,25069.85,25106.51526,25161.97935,25051.05117,25065.52435,25066.25467,25069.17844,25079.95356,25072.0823,0,0,347176,464367.2,54.63899742,47.46622211,NaN,NaN,NaN,NaN,54.63899742,NaN,0.735633716,-0.70855735,-1.444191066,86.47214854,82.52212449
2024-10-15T12:36:00+05:30,25069.35,25070.35,25064.95,25065.75,25106.39031,25161.811,25050.96961,25065.54584,25066.23488,25069.11055,25079.81224,25072.0823,0,0,404948,468150.85,49.84613195,47.95556779,NaN,NaN,NaN,NaN,NaN,NaN,0.66915237,-0.607750604,-1.276902974,64.72148541,83.02199146
2024-10-15T12:37:00+05:30,25066,25068.1,25060.65,25062.85,25106.19585,25161.56406,25050.82763,25065.28909,25066.10214,25068.98658,25079.64346,25072.0823,0,0,588065,464975.05,46.72413407,47.86993383,NaN,NaN,NaN,NaN,NaN,NaN,0.418975132,-0.753184058,-1.17215919,49.33687003,66.84350133
2024-10-15T12:38:00+05:30,25062.5,25070.3,25062.45,25070.25,25106.08601,25161.4134,25050.75863,25065.76156,25066.2648,25069.0116,25079.54999,25072.0823,0,0,367636,461079.3,54.54724914,48.24240663,NaN,NaN,NaN,NaN,NaN,NaN,0.723142582,-0.268230963,-0.991373545,88.59416446,67.55083996
2024-10-15T12:39:00+05:30,25069.85,25070.45,25061.3,25065.7,25105.95828,25161.24424,25050.67232,25065.7557,25066.24265,25068.94602,25079.41218,25072.0823,0,0,410391,463756.35,49.71346152,48.73581742,NaN,NaN,NaN,NaN,NaN,NaN,0.59454831,-0.248188157,-0.842736467,64.45623342,67.46242263
2024-10-15T12:40:00+05:30,25065.75,25068.75,25063.45,25066.5,25105.85421,25161.10503,25050.60339,25065.82658,25066.25274,25068.89758,25079.2837,25072.0823,0,0,339804,462780.7,50.54331795,48.81880172,NaN,NaN,NaN,NaN,NaN,NaN,0.541517906,-0.165839085,-0.707356991,68.70026525,73.91688771
2024-10-15T12:41:00+05:30,25066.4,25067.05,25061.85,25062.25,25105.76373,25160.98965,25050.5378,25065.48596,25066.09577,25068.76595,25079.11421,25072.0823,0,0,279144,452664.6,46.18301074,48.48858367,NaN,NaN,46.18301074,NaN,NaN,NaN,0.21511598,-0.438462016,-0.653577996,46.15384615,59.77011494
2024-10-15T12:42:00+05:30,25062.45,25070.3,25062.45,25069.85,25105.66884,25160.85898,25050.4787,25065.90158,25066.243,25068.78741,25079.02203,25072.0823,0,0,323457,444079.9,53.85014438,48.98924229,NaN,NaN,NaN,NaN,NaN,NaN,0.490229632,-0.040790956,-0.531020588,86.47214854,67.10875332
2024-10-15T12:43:00+05:30,25069,25070.2,25064.75,25065.05,25105.56961,25160.72451,25050.41472,25065.82048,25066.19621,25068.71341,25078.883,25072.0823,0,0,332370,442993.2,49.09300795,49.51782985,NaN,NaN,NaN,NaN,NaN,NaN,0.335483318,-0.11166644,-0.447149759,61.00795756,64.54465075
2024-10-15T12:44:00+05:30,25064.9,25069.55,25064.5,25068.55,25105.44617,25160.55397,25050.33836,25066.08043,25066.28852,25068.71017,25078.78019,25072.0823,0,0,425406,442721.75,52.39533256,50.05144078,NaN,NaN,NaN,NaN,NaN,NaN,0.44834314,0.113279166,-0.335063974,73.35640138,73.61216916
2024-10-15T12:45:00+05:30,25068.75,25072.3,25067.95,25072,25105.3676,25160.43767,25050.29753,25066.6442,25066.5125,25068.77532,25078.71272,25072.0823,0,0,297484,426012.45,55.46227805,50.85523856,NaN,NaN,NaN,NaN,NaN,NaN,0.718804256,0.563441346,-0.15536291,97.08029197,77.14821697
2024-10-15T12:46:00+05:30,25071.45,25076.95,25071.2,25076.4,25105.27647,25160.28947,25050.26348,25067.57332,25066.90024,25068.9263,25078.68971,25063.86677,1,0,393466,408816.5,59.08287283,51.78545203,NaN,NaN,NaN,NaN,59.08287283,NaN,1.132857271,1.260708679,0.127851408,96.64634146,89.02767827
2024-10-15T12:47:00+05:30,25074.65,25076.7,25072.35,25076.15,25105.16702,25160.11025,25050.22378,25068.39015,25067.26298,25069.06934,25078.66444,25063.91163,0,0,479137,408089.3,58.79043697,52.52221033,NaN,NaN,NaN,NaN,NaN,NaN,1.315871417,1.772690679,0.456819262,95.09202454,96.27288599
2024-10-15T12:48:00+05:30,25076.05,25077.25,25073.6,25076.4,25105.09394,25159.98842,25050.19946,25069.15299,25067.62129,25069.2145,25078.64191,25064.5415,0,0,329353,399746.3,59.00893269,52.84852201,NaN,NaN,NaN,NaN,NaN,NaN,1.373390666,2.173557594,0.800166929,94.87951807,95.53929469
2024-10-15T12:49:00+05:30,25074.45,25077.5,25073.7,25075.15,25104.98681,25159.81087,25050.16274,25069.72414,25067.91654,25069.33204,25078.60716,25064.5415,0,0,480857,398060.1,57.37101474,53.04366611,NaN,NaN,NaN,NaN,NaN,NaN,1.250380159,2.363142128,1.112761969,86.05341246,92.00831836
2024-10-15T12:50:00+05:30,25075.5,25075.65,25067.55,25068.05,25104.86508,25159.63084,25050.09933,25069.56469,25067.92177,25069.30665,25078.50212,25064.5415,0,0,470139,399067.45,49.04393526,52.98636635,NaN,NaN,NaN,NaN,NaN,NaN,0.644482312,1.918364858,1.273882546,43.91691395,74.94994816
2024-10-15T12:51:00+05:30,25068.55,25069.8,25066.05,25069.45,25104.75678,25159.47703,25050.03653,25069.55377,25067.9817,25069.30949,25078.41205,25064.5415,0,0,398144,386902.55,50.56752114,53.26089399,NaN,NaN,NaN,NaN,NaN,NaN,0.308663436,1.659711842,1.351048406,50.30864198,60.09298946
2024-10-15T12:52:00+05:30,25068.95,25074.45,25068.15,25069.15,25104.66722,25159.34364,25049.9908,25069.51532,25068.02752,25069.30633,25078.31989,25064.5415,0,0,351881,389643.85,50.22099637,52.95187594,NaN,NaN,NaN,NaN,NaN,NaN,0.050535474,1.414217748,1.363682274,48.45679012,47.56078202
2024-10-15T12:53:00+05:30,25068.7,25069.8,25064.2,25066.1,25104.53944,25159.16805,25049.91083,25069.19005,25067.95193,25069.24284,25078.1983,25064.5415,0,0,453445,394873.1,46.71597023,52.73776942,NaN,NaN,NaN,NaN,NaN,NaN,-0.32097959,0.962457786,1.283437377,27.15654952,41.97399387
2024-10-15T12:54:00+05:30,25066.6,25072.7,25065.6,25070.05,25104.42002,25158.99387,25049.84617,25069.27195,25068.03421,25069.25882,25078.11722,25064.5415,0,0,460080,396619.15,51.44251782,52.80199798,NaN,NaN,NaN,NaN,NaN,NaN,-0.296632836,0.912646331,1.209279168,52.39616613,42.66983526
2024-10-15T12:55:00+05:30,25070.45,25073.1,25067.6,25068,25104.32533,25158.85518,25049.79548,25069.15081,25068.03286,25069.2339,25078.01655,25064.5415,0,0,368290,397674.85,49.0125756,53.00410976,NaN,NaN,NaN,NaN,NaN,NaN,-0.407673757,0.699686971,1.107360728,36.87707641,38.80993069
2024-10-15T12:56:00+05:30,25067.75,25069.6,25064.25,25064.95,25104.22724,25158.72096,25049.73353,25068.75073,25067.91197,25069.14907,25077.88653,25064.5415,0,0,350257,394940.3,45.56409977,52.41224943,NaN,NaN,NaN,NaN,NaN,NaN,-0.660640594,0.281559985,0.94220058,5.639097744,31.63744676
2024-10-15T12:57:00+05:30,25065.25,25066.65,25056.2,25056.6,25104.07286,25158.53453,25049.61118,25067.59352,25067.46836,25068.90057,25077.67473,25068.96921,0,1,474113,389242.7,37.73614194,51.60104471,NaN,NaN,NaN,NaN,NaN,NaN,-1.326030791,-0.715337909,0.610692882,1.877934272,14.79803614
2024-10-15T12:58:00+05:30,25057.15,25060.9,25056.3,25059.6,25103.94987,25158.38817,25049.51157,25066.83223,25067.1598,25068.7164,25077.49488,25068.96921,0,0,372599,389490.85,41.6170318,50.83116609,NaN,NaN,NaN,NaN,NaN,NaN,-1.487686329,-1.24891503,0.238771299,15.96244131,7.82649111
2024-10-15T12:59:00+05:30,25058.85,25062.85,25057.45,25058.8,25103.82168,25158.23307,25049.41029,25066.06726,25066.83196,25068.52004,25077.30886,25068.96921,0,0,397320,388837.3,40.88519411,49.7899458,NaN,NaN,NaN,NaN,NaN,NaN,-1.564252877,-1.716544797,-0.15229192,12.20657277,10.01564945
2024-10-15T13:00:00+05:30,25058.55,25059.35,25046.2,25046.7,25103.57611,25157.98083,25049.17139,25064.22276,25066.04247,25068.08796,25077.00429,25059.82167,0,0,637571,403725.65,31.78181827,47.83987048,NaN,NaN,NaN,NaN,NaN,NaN,-2.301047901,-3.028601796,-0.727553895,1.597444089,9.922152725
2024-10-15T13:01:00+05:30,25047.65,25052.85,25045.75,25052.05,25103.38632,25157.78702,25048.98561,25063.06345,25065.49375,25067.77037,25076.75599,25059.82167,0,0,491846,414360.75,38.32104658,46.37777117,NaN,NaN,NaN,NaN,NaN,NaN,-2.294174543,-3.595272073,-1.301097531,19.84251969,11.21551218
2024-10-15T13:02:00+05:30,25052.45,25052.45,25026.25,25028.95,25103.01876,25157.4981,25048.53942,25059.81455,25064.06066,25067.00165,25076.28031,25045.16964,0,0,757077,436041.75,26.50641402,44.05616269,NaN,NaN,NaN,NaN,NaN,NaN,-3.631928211,-5.841007795,-2.209079583,5.268292683,8.902752152
2024-10-15T13:03:00+05:30,25029.45,25035.15,25028.85,25031.8,25102.74477,25157.29713,25048.19241,25057.1465,25062.79554,25066.30459,25075.83772,25045.16964,0,0,537961,446321.3,29.39852015,42.05812736,NaN,NaN,NaN,NaN,NaN,NaN,-4.077994517,-7.306572729,-3.228578213,11.23481781,12.11521006
2024-10-15T13:04:00+05:30,25031.65,25037.6,25030.9,25033.15,25102.57267,25157.16519,25047.98014,25054.86112,25061.63297,25065.64806,25075.41297,25045.16964,0,0,349725,442537.25,30.78789815,40.75412471,NaN,NaN,NaN,NaN,NaN,NaN,-4.028216847,-8.263849271,-4.235632424,14.3153527,10.27282106
2024-10-15T13:05:00+05:30,25033.1,25035.45,25008.15,25012.6,25101.98707,25156.83486,25047.13928,25050.83625,25059.71011,25064.59761,25074.78796,25031.33452,0,0,984218,476873.95,23.27824879,38.80489097,NaN,NaN,23.27824879,NaN,NaN,NaN,-5.058688923,-10.55899358,-5.500304655,6.711915535,10.75402868
2024-10-15T13:06:00+05:30,25013.45,25024.75,25013.45,25024.35,25101.72911,25156.67981,25046.77841,25048.31375,25058.32343,25063.80063,25074.28609,25031.33452,0,0,449422,479671.75,33.29664133,37.59600847,NaN,NaN,NaN,NaN,NaN,NaN,-4.639381248,-11.29953121,-6.660149967,24.94226328,15.32317717
2024-10-15T13:07:00+05:30,25024.3,25025.2,25019.25,25020.7,25101.46227,25156.51487,25046.40968,25045.68387,25056.84801,25062.94715,25073.7529,25031.33452,0,0,473005,479365.15,31.90300085,36.53793923,NaN,NaN,NaN,NaN,NaN,NaN,-4.305578445,-12.04212302,-7.736544578,19.32255581,16.99224488
2024-10-15T13:08:00+05:30,25021.1,25021.3,25014.9,25018.5,25100.99826,25156.24584,25045.75067,25043.09493,25055.34416,25062.06701,25073.20312,25031.33452,0,0,795175,502656.25,31.05917137,35.08198591,NaN,NaN,NaN,NaN,NaN,NaN,-3.940518039,-12.66219213,-8.721674088,15.93533487,20.06671799
2024-10-15T13:09:00+05:30,25020.2,25024.75,25016.1,25019.45,25100.65299,25156.03422,25045.27176,25040.84303,25053.93655,25061.22311,25072.66826,25031.33452,0,0,611326,509179.7,31.89684719,33.85943388,NaN,NaN,NaN,NaN,NaN,NaN,-3.364996164,-12.92791929,-9.562923129,18.38893409,17.88227493
2024-10-15T13:10:00+05:30,25019.3,25022.6,25017.9,25021.3,25100.39537,25155.873,25044.91774,25038.98179,25052.65668,25060.43255,25072.15713,25031.33452,0,0,462451,508795.3,33.58912436,33.00407849,NaN,NaN,NaN,NaN,NaN,NaN,-2.62262552,-12.84120503,-10.21857951,22.47863248,18.93430048
2024-10-15T13:11:00+05:30,25021.45,25022.15,25018.55,25019.7,25100.16558,25155.72947,25044.60168,25037.14543,25051.36426,25059.62596,25071.63517,25031.33452,0,0,412600,509518.1,32.82932458,32.65359154,NaN,NaN,NaN,NaN,NaN,NaN,-2.028787042,-12.75456331,-10.72577627,21.11517367,20.66091342
2024-10-15T13:12:00+05:30,25019.5,25029.3,25018.15,25028.4,25099.81432,25155.48338,25044.14526,25036.31253,25050.46371,25059.00763,25071.20497,25031.33452,0,0,679200,525884.05,40.68604528,32.5870925,NaN,NaN,NaN,NaN,NaN,NaN,-0.897229689,-11.84731338,-10.95008369,37.02010969,26.87130528
2024-10-15T13:13:00+05:30,25028.9,25031.2,25028.3,25030,25099.58486,25155.30638,25043.86334,25035.71134,25049.66121,25058.43322,25070.79497,25031.33452,0,0,476323,527027.95,42.02898923,32.66879215,NaN,NaN,NaN,NaN,NaN,NaN,0.060980885,-10.87385759,-10.93483847,42.67578125,33.6036882
2024-10-15T13:14:00+05:30,25029.35,25033.25,25024.85,25025.35,25099.38561,25155.15772,25043.61351,25034.72454,25048.70783,25057.77811,25070.34278,25031.33452,0,0,404423,524245.1,39.24777945,33.20207509,NaN,NaN,NaN,NaN,NaN,NaN,0.461310689,-10.35820011,-10.8195108,38.4787472,39.39154605
2024-10-15T13:15:00+05:30,25025.3,25032.2,25022.6,25031.85,25099.21951,25155.03064,25043.40838,25034.45078,25048.04674,25057.26468,25069.95977,25015.37225,1,0,344015,523031.35,44.75143092,33.66138826,NaN,NaN,NaN,NaN,NaN,NaN,1.201501215,-9.317634279,-10.51913549,53.49887133,44.8844666
2024-10-15T13:16:00+05:30,25031.9,25036.55,25030,25036.35,25099.07751,25154.91001,25043.24502,25034.63165,25047.58804,25056.85053,25069.62534,25020.13208,0,0,320088,521522.9,48.24692648,35.21428201,NaN,NaN,NaN,NaN,48.24692648,NaN,1.985534056,-8.037217925,-10.02275198,95.75551783,62.57771212
2024-10-15T13:17:00+05:30,25036.45,25037.3,25031.4,25032.3,25098.91675,25154.77457,25043.05894,25034.40959,25046.98851,25056.36438,25069.25395,25020.13208,0,0,360533,515843.9,45.4592814,36.36147924,NaN,NaN,NaN,NaN,NaN,NaN,2.205779653,-7.265527414,-9.471307067,82.00339559,77.08592825
2024-10-15T13:18:00+05:30,25031.55,25033.55,25025.7,25025.95,25098.61499,25154.54291,25042.68707,25033.60392,25046.16347,25055.76211,25068.82306,25020.13208,0,0,630472,528737.55,41.41849811,37.12080781,NaN,NaN,NaN,NaN,NaN,NaN,1.909300646,-7.08468126,-8.993981906,61.06346484,79.60745942
2024-10-15T13:19:00+05:30,25026.55,25029.05,25024.35,25026.3,25098.37301,25154.36231,25042.3837,25032.90831,25045.38451,25055.1787,25068.39995,25020.13208,0,0,496485,533695.8,41.72596411,38.43850176,NaN,NaN,NaN,NaN,NaN,NaN,1.727717251,-6.834335342,-8.562052593,53.87840671,65.64842238
2024-10-15T13:20:00+05:30,25026.5,25031.5,25026.05,25027.5,25098.23721,25154.25697,25042.21745,25032.39323,25044.68316,25054.63061,25067.99298,25020.13208,0,0,287229,516178.7,42.83379592,39.11972709,NaN,NaN,NaN,NaN,NaN,NaN,1.6779743,-6.464584718,-8.142559018,56.25,57.06395718
2024-10-15T13:21:00+05:30,25027.4,25028.65,25024.35,25026.3,25098.029,25154.10057,25041.95743,25031.81292,25043.96225,25054.06961,25067.57813,25020.13208,0,0,430742,513123.5,41.9744492,39.83911626,NaN,NaN,NaN,NaN,NaN,NaN,1.556487156,-6.196950073,-7.753437229,50.89285714,53.67375462
2024-10-15T13:22:00+05:30,25026.4,25031.65,25023.55,25031.05,25097.7941,25153.91521,25041.67299,25031.74026,25043.45589,25053.61377,25067.21466,25020.13208,0,0,505370,500538.15,46.54595701,40.94531523,NaN,NaN,NaN,NaN,NaN,NaN,1.77256825,-5.537726917,-7.310295167,70.51886792,59.22057502
2024-10-15T13:23:00+05:30,25030.85,25041.65,25030.1,25039.6,25097.61297,25153.74794,25041.478,25032.48881,25043.30467,25053.33627,25066.93989,25024.29271,0,0,446258,495953,53.62792433,42.49753503,NaN,NaN,NaN,NaN,NaN,NaN,2.427370327,-4.276082257,-6.703452585,91.36842105,70.92671537
2024-10-15T13:24:00+05:30,25038.65,25047.65,25038.05,25043.8,25097.48228,25153.6131,25041.35146,25033.56607,25043.3241,25053.14744,25066.70964,25028.19327,0,0,359703,496451.9,56.66515951,44.14582325,NaN,NaN,NaN,NaN,56.66515951,NaN,3.039689106,-2.903841202,-5.943530308,86.94915254,82.94548051
2024-10-15T13:25:00+05:30,25043.75,25043.95,25035.2,25038.2,25097.32629,25153.46299,25041.18959,25034.00739,25043.12315,25052.85145,25066.42597,25028.19327,0,0,401585,467320.25,51.79407784,45.50044848,NaN,NaN,NaN,NaN,NaN,NaN,2.960940242,-2.242355006,-5.203295248,67.96610169,82.09455843
2024-10-15T13:26:00+05:30,25038.1,25043.05,25036.25,25042.1,25097.21601,25153.35401,25041.07801,25034.77812,25043.08303,25052.63855,25066.18392,25028.19327,0,0,291992,459448.75,54.71376787,46.50242867,NaN,NaN,NaN,NaN,NaN,NaN,3.052690938,-1.387431575,-4.440122513,77.84431138,77.58652187
2024-10-15T13:27:00+05:30,25042.45,25044.35,25034.5,25038.4,25097.03696,25153.18093,25040.89299,25035.12306,25042.89938,25052.3566,25065.90746,25028.19327,0,0,465124,459054.7,51.52532326,47.18073824,NaN,NaN,NaN,NaN,NaN,NaN,2.754525787,-0.99696528,-3.751491066,63.0738523,69.62808846
2024-10-15T13:28:00+05:30,25037.8,25042.05,25037.1,25037.45,25096.86143,25153.01135,25040.71152,25035.34467,25042.68568,25052.06142,25065.6243,25028.19327,0,0,457048,442148.35,50.70823807,47.99934243,NaN,NaN,50.70823807,NaN,NaN,NaN,2.3968197,-0.755466441,-3.152286141,59.28143713,66.73320027
2024-10-15T13:29:00+05:30,25036.65,25039.75,25036.15,25039.15,25096.72341,25152.87885,25040.56797,25035.70708,25042.54703,25051.80575,25065.36087,25028.19327,0,0,358149,429489.5,52.16993582,48.52923564,NaN,NaN,NaN,NaN,NaN,NaN,2.184200026,-0.42203611,-2.606236135,64.73029046,62.36185996
2024-10-15T13:30:00+05:30,25038.95,25045.95,25038.9,25045.25,25096.61372,25152.76344,25040.464,25036.61593,25042.65303,25051.67593,25065.16077,25030.49696,0,0,312764,422005.15,57.08732335,49.16069256,NaN,NaN,NaN,NaN,NaN,NaN,2.349483065,0.330617696,-2.018865369,90.04149378,71.35107379
2024-10-15T13:31:00+05:30,25045.05,25052.65,25044.2,25050.85,25096.5089,25152.64063,25040.37717,25037.97156,25042.97448,25051.65957,25065.01837,25035.93181,0,0,337349,418242.6,61.04664857,50.27407593,NaN,NaN,NaN,NaN,NaN,NaN,2.705700014,1.363259649,-1.342440365,93.81443299,82.86207241
2024-10-15T13:32:00+05:30,25050.6,25054.8,25047.6,25051.15,25096.39581,25152.50305,25040.28856,25039.22665,25043.29508,25051.64948,25064.88038,25036.27167,0,0,381390,403352.1,61.25289798,51.69081877,NaN,NaN,NaN,NaN,NaN,NaN,2.818516703,2.180705514,-0.637811189,88.32,90.72530892
2024-10-15T13:33:00+05:30,25050.2,25051.95,25042.4,25042.4,25096.27199,25152.3668,25040.17717,25039.52887,25043.25998,25051.46632,25064.65669,25036.27167,0,0,373396,398205.75,52.51852243,52.4617158,NaN,NaN,NaN,NaN,NaN,NaN,2.18888696,2.098297511,-0.090589449,60.32,80.81814433
2024-10-15T13:34:00+05:30,25042.1,25045.3,25041.4,25043.7,25096.10922,25152.19396,25040.02449,25039.92612,25043.27724,25051.31254,25064.44817,25036.27167,0,0,473788,401674,53.57765966,53.22913463,NaN,NaN,NaN,NaN,NaN,NaN,1.763291013,2.113524317,0.350233304,64.48,71.04
2024-10-15T13:35:00+05:30,25043.8,25046.95,25040.75,25046.2,25095.68868,25151.73572,25039.64164,25040.52363,25043.39186,25051.2113,25064.26659,25036.27167,0,0,1266093,447777.9,55.62751449,54.20435358,NaN,NaN,NaN,NaN,NaN,NaN,1.560452239,2.300798603,0.740346364,72.48,65.76
2024-10-15T13:36:00+05:30,25046.45,25055.4,25046.45,25054.25,25095.58765,25151.60909,25039.56621,25041.83091,25043.81767,25051.27147,25064.16693,25039.48527,0,0,359471,449747.05,61.51968431,55.27390553,NaN,NaN,NaN,NaN,NaN,NaN,1.858497938,3.063468786,1.204970848,95.45454545,77.47151515
2024-10-15T13:37:00+05:30,25053.95,25054.45,25048.6,25052.85,25095.49487,25151.49276,25039.49697,25042.88034,25044.17188,25051.30273,25064.05432,25039.48527,0,0,331102,448275.5,60.0268088,55.73096871,NaN,NaN,NaN,NaN,NaN,NaN,1.847551456,3.514410169,1.666858712,87.79904306,85.24452951
2024-10-15T13:38:00+05:30,25052.65,25057.55,25051.95,25056.65,25095.42048,25151.39304,25039.44792,25044.19174,25044.66121,25051.40861,25063.98064,25042.3771,0,0,289207,431212.25,62.67443192,56.16020245,NaN,NaN,NaN,NaN,NaN,NaN,1.971149403,4.130795466,2.159646063,96.09544469,93.1163444
2024-10-15T13:39:00+05:30,25057,25066.2,25056.9,25060.15,25095.31967,25151.24087,25039.39847,25045.71157,25045.26862,25051.58171,25063.94253,25045.50578,0,0,459227,429349.35,64.97549479,57.10173224,NaN,NaN,NaN,NaN,NaN,NaN,2.148960035,4.845846107,2.696886072,80.9148265,88.26977142
2024-10-15T13:40:00+05:30,25059.95,25064.9,25058.05,25062.15,25095.21148,25151.07509,25039.34787,25047.27714,25045.93063,25051.79098,25063.92469,25047.57841,0,0,504975,440236.65,66.25567026,57.92615384,NaN,NaN,NaN,NaN,66.25567026,NaN,2.250804591,5.510391811,3.25958722,87.22397476,88.07808198
2024-10-15T13:41:00+05:30,25062.3,25063.6,25055.45,25059.9,25095.1021,25150.91448,25039.28972,25048.47932,25046.47845,25051.95156,25063.88465,25047.57841,0,0,484134,442906.25,63.44610167,58.77763801,NaN,NaN,NaN,NaN,NaN,NaN,2.023341111,5.788763609,3.765422498,79.03494176,82.39124768
2024-10-15T13:42:00+05:30,25060.2,25065.95,25054.9,25055.1,25095.00583,25150.77584,25039.23581,25049.10986,25046.81655,25052.0139,25063.79724,25047.57841,0,0,416804,438477.95,57.81373384,59.28517342,NaN,NaN,57.81373384,NaN,NaN,NaN,1.4340511,5.557986373,4.123935273,63.06156406,76.4401602
2024-10-15T13:43:00+05:30,25054.9,25062.05,25054.3,25061.45,25094.92159,25150.6528,25039.19038,25050.28511,25047.39041,25052.20076,25063.77388,25047.57841,0,0,372832,434806.65,62.55018355,60.02661969,NaN,NaN,NaN,NaN,NaN,NaN,1.357165244,5.820391827,4.463226584,82.6007326,74.89907947
2024-10-15T13:44:00+05:30,25061.05,25065.1,25060.45,25064.05,25094.83474,25150.51429,25039.1552,25051.59605,25048.04373,25052.4354,25063.77663,25049.21998,0,0,434301,438536.55,64.31675223,60.54300746,NaN,NaN,NaN,NaN,NaN,NaN,1.363065375,6.167058302,4.803992927,91.55206287,79.07145318
2024-10-15T13:45:00+05:30,25063.25,25063.9,25060.05,25062.3,25094.73095,25150.35266,25039.10923,25052.61547,25048.6028,25052.63073,25063.76194,25049.21998,0,0,504313,443672.95,62.19031308,60.62469779,NaN,NaN,NaN,NaN,NaN,NaN,1.139831325,6.228782084,5.088950759,84.67583497,86.27621015
2024-10-15T13:46:00+05:30,25061.75,25072.2,25061.75,25069.3,25094.66242,25150.23004,25039.09479,25054.20448,25049.41445,25052.96082,25063.81704,25054.48803,0,0,405221,449334.4,66.90388886,61.02833999,NaN,NaN,NaN,NaN,66.90388886,NaN,1.34048936,6.764562459,5.424073099,90.77901431,89.00230405
2024-10-15T13:47:00+05:30,25069.15,25071,25064.55,25065.15,25094.60992,25150.13809,25039.08176,25055.24691,25050.03153,25053.20219,25063.8303,25054.48803,0,0,302218,441189.1,61.97132271,61.70354001,NaN,NaN,NaN,NaN,NaN,NaN,1.081693718,6.776190246,5.694496528,77.58346582,84.34610503
2024-10-15T13:48:00+05:30,25064.75,25066,25056.8,25057.9,25094.529,25150.01679,25039.04121,25055.49958,25050.3401,25053.29522,25063.7713,25054.48803,0,0,377141,437193.75,54.42257005,61.76389075,NaN,NaN,NaN,NaN,NaN,NaN,0.34818775,6.129731216,5.781543466,54.53100159,74.29782724
2024-10-15T13:49:00+05:30,25058.05,25058.05,25053.3,25055.7,25094.41472,25149.86075,25038.96868,25055.51867,25050.55029,25053.34283,25063.69098,25054.48803,0,0,472733,442922.95,52.33913333,61.52900639,NaN,NaN,NaN,NaN,NaN,NaN,-0.322920246,5.377893159,5.700813404,35.9223301,56.01226584
2024-10-15T13:50:00+05:30,25054.75,25057.7,25047.95,25050.35,25094.28234,25149.69231,25038.87237,25055.02642,25050.54244,25053.28357,25063.55824,25065.2649,0,1,503086,452439.05,47.56989281,60.53259271,NaN,NaN,NaN,NaN,NaN,NaN,-1.120027452,4.300779089,5.420806541,9.896907216,33.45007963
2024-10-15T13:51:00+05:30,25049.85,25055.8,25049.85,25053.55,25094.17109,25149.54754,25038.79465,25054.88581,25050.66038,25053.28885,25063.45865,25065.2649,0,0,436244,457383.8,50.47668058,59.85044069,NaN,NaN,NaN,NaN,NaN,NaN,-1.406129051,3.663145228,5.069274279,23.09278351,22.97067361
2024-10-15T13:52:00+05:30,25053.05,25056.8,25051.1,25052.6,25094.08222,25149.43072,25038.73372,25054.66811,25050.73644,25053.27521,25063.35061,25065.2649,0,0,353972,456012.9,49.59755453,58.91637802,NaN,NaN,NaN,NaN,NaN,NaN,-1.618582769,3.046045818,4.664628586,19.17525773,17.38831615
2024-10-15T13:53:00+05:30,25053.5,25053.8,25042.85,25043.9,25093.94351,25149.26974,25038.61727,25053.64258,25050.46835,25053.08956,25063.15707,25058.90503,0,0,477096,461197.9,42.32713361,57.29863794,NaN,NaN,NaN,NaN,NaN,NaN,-2.264636063,1.833833507,4.098469571,3.577512777,15.28185134
2024-10-15T13:54:00+05:30,25044.1,25052.35,25043.3,25051.85,25093.8506,25149.15695,25038.54425,25053.47185,25050.52253,25053.06501,25063.04456,25058.90503,0,0,337788,454397.9,49.59790426,56.10879751,NaN,NaN,NaN,NaN,NaN,NaN,-2.080868325,1.497384164,3.578252489,30.66439523,17.80572191
2024-10-15T13:55:00+05:30,25052.25,25060,25051.95,25058.4,25093.78228,25149.0605,25038.50405,25053.9412,25050.83145,25053.17066,25062.99835,25058.90503,0,0,300626,406124.55,54.66859311,55.48183261,NaN,NaN,NaN,NaN,54.66859311,NaN,-1.471220258,1.739227167,3.210447425,52.98126065,29.07438955
2024-10-15T13:56:00+05:30,25058.1,25058.1,25046.6,25048.15,25093.68788,25148.94168,25038.43408,25053.38966,25050.7263,25053.07124,25062.8506,25058.90503,0,0,360230,406162.5,46.74346146,54.69109887,NaN,NaN,NaN,NaN,NaN,NaN,-1.695380954,1.091221233,2.786602186,18.05792164,33.9011925
2024-10-15T13:57:00+05:30,25048.65,25048.9,25036.1,25039.3,25093.53821,25148.78345,25038.29297,25052.04779,25050.27821,25052.79854,25062.61627,25056.00245,0,0,469520,413083.4,41.19111876,53.16545138,NaN,NaN,41.19111876,NaN,NaN,NaN,-2.337197109,-0.1348942,2.202302909,8.864265928,26.63448274
2024-10-15T13:58:00+05:30,25039.4,25043.55,25038.65,25042.45,25093.41057,25148.6479,25038.17325,25051.13371,25049.97122,25052.59362,25062.41561,25056.00245,0,0,403443,418795.2,43.75214104,51.69655058,NaN,NaN,NaN,NaN,NaN,NaN,-2.436007641,-0.842706642,1.593300999,17.5900277,14.83740509
2024-10-15T13:59:00+05:30,25042.75,25043,25038.2,25038.3,25093.31343,25148.54771,25038.07915,25049.91145,25049.51352,25052.31058,25062.17565,25053.96599,0,0,298501,410758.9,41.20616196,50.19768265,NaN,NaN,NaN,NaN,NaN,NaN,-2.649609748,-1.718711186,0.930898562,6.094182825,10.84949215
2024-10-15T14:00:00+05:30,25038.6,25042.55,25038.2,25038.75,25093.19282,25148.42307,25037.96256,25048.84846,25049.09142,25052.04205,25061.94256,25053.88015,0,0,372118,404116.05,41.60298354,48.39047512,NaN,NaN,NaN,NaN,NaN,NaN,-2.624363365,-2.349555644,0.274807721,7.593123209,10.42577791
2024-10-15T14:01:00+05:30,25038.4,25042.55,25034.8,25041.35,25092.70472,25147.91842,25037.49101,25048.13432,25048.78784,25051.83033,25061.73766,25053.88015,0,0,1515612,455689.95,43.95658839,47.10370839,NaN,NaN,NaN,NaN,NaN,NaN,-2.307545401,-2.60962403,-0.30207863,20.99358974,11.56029859
2024-10-15T14:02:00+05:30,25041.05,25045.65,25040.65,25042.2,25092.48432,25147.67511,25037.29353,25047.56915,25048.52949,25051.63963,25061.54326,25053.88015,0,0,739148,471807.15,44.74070115,46.41214632,NaN,NaN,NaN,NaN,NaN,NaN,-1.931005688,-2.71583574,-0.784830052,29.36507937,19.31726411
2024-10-15T14:03:00+05:30,25042.15,25043.7,25039.15,25039.35,25092.36999,25147.5533,25037.18668,25046.78637,25048.16951,25051.39627,25061.32243,25053.67626,0,0,370326,471681.85,42.58909401,45.71571494,NaN,NaN,NaN,NaN,NaN,NaN,-1.768496578,-2.995450774,-1.226954196,18.05555556,22.80474155
2024-10-15T14:04:00+05:30,25038.6,25046.8,25038.6,25046.8,25092.26886,25147.43857,25037.09915,25046.78767,25048.11581,25051.30525,25061.17793,25053.67626,0,0,351678,467550.7,49.43465802,45.84891246,NaN,NaN,NaN,NaN,NaN,NaN,-1.087304001,-2.586084197,-1.498780196,47.61904762,31.67989418
2024-10-15T14:05:00+05:30,25046.35,25049.05,25044.45,25046.65,25092.1407,25147.28556,25036.99585,25046.77456,25048.05832,25051.21307,25061.03337,25053.67626,0,0,473916,466030.85,49.30717726,45.76537651,NaN,NaN,NaN,NaN,NaN,NaN,-0.599255974,-2.247850164,-1.64859419,47.02380952,37.56613757
2024-10-15T14:06:00+05:30,25046.55,25049.3,25046,25047.25,25092.04795,25147.17294,25036.92296,25046.81984,25048.02662,25051.13459,25060.89622,25053.67626,0,0,350857,463312.65,49.86411478,45.78441652,NaN,NaN,NaN,NaN,49.86411478,NaN,-0.208622421,-1.909372217,-1.700749795,49.4047619,48.01587302
2024-10-15T14:07:00+05:30,25047.35,25047.8,25041.65,25043.35,25091.82724,25146.92012,25036.73436,25046.48938,25047.84323,25050.98044,25060.72163,25053.67626,0,0,783346,487369.05,46.30314316,46.06841721,NaN,NaN,NaN,NaN,NaN,NaN,-0.186228024,-1.933534825,-1.747306801,33.92857143,43.45238095
2024-10-15T14:08:00+05:30,25042.8,25043.5,25040.55,25042.35,25091.73069,25146.81351,25036.64787,25046.09515,25047.62781,25050.80954,25060.53883,25053.67626,0,0,330123,485018.15,45.40771627,45.76911806,NaN,NaN,NaN,NaN,NaN,NaN,-0.21031707,-2.010203138,-1.799886069,29.96031746,37.76455026
2024-10-15T14:09:00+05:30,25041.6,25042.75,25039.85,25040.45,25091.61333,25146.68631,25036.54034,25045.55752,25047.34632,25050.6044,25060.33894,25052.74243,0,0,394129,481087.95,43.67935639,44.98417258,NaN,NaN,NaN,NaN,NaN,NaN,-0.319234792,-2.198929559,-1.879694767,24.24892704,29.37927198
2024-10-15T14:10:00+05:30,25040.25,25045.25,25040.25,25041.65,25091.48735,25146.54603,25036.42867,25045.18537,25047.12294,25050.42709,25060.15298,25052.74243,0,0,436942,477780.75,45.10065078,44.86682896,NaN,NaN,NaN,NaN,NaN,NaN,-0.27704948,-2.226006617,-1.948957137,47.24137931,33.8168746
2024-10-15T14:11:00+05:30,25041.25,25042.35,25033.25,25035.9,25091.28673,25146.34233,25036.23112,25044.30105,25046.68282,25050.13942,25059.91166,25048.48408,0,0,632938,487615.45,39.90420524,44.77490657,NaN,NaN,39.90420524,NaN,NaN,NaN,-0.585268449,-2.680542698,-2.095274249,16.51090343,29.33373659
2024-10-15T14:12:00+05:30,25035.8,25042.15,25035,25041.15,25091.09409,25146.13781,25036.05038,25044.00095,25046.46585,25049.96141,25059.72497,25048.48408,0,0,639045,501869.1,46.01974312,44.93687815,NaN,NaN,NaN,NaN,NaN,NaN,-0.393628438,-2.587309797,-2.193681358,49.2211838,37.65782218
2024-10-15T14:13:00+05:30,25041.35,25047.4,25038.8,25045,25090.95083,25145.97274,25035.92892,25044.0961,25046.40837,25049.86317,25059.57846,25048.48408,0,0,521926,504110.6,50.03525026,45.56752731,NaN,NaN,NaN,NaN,NaN,NaN,0.012819841,-2.177656557,-2.190476398,73.20872274,46.31360332
2024-10-15T14:14:00+05:30,25044.95,25048.35,25043.95,25046.9,25090.84268,25145.84147,25035.84388,25044.36314,25046.42765,25049.80449,25059.4523,25048.48408,0,0,419870,508214.7,51.93548636,46.30556323,NaN,NaN,NaN,NaN,NaN,NaN,0.408125428,-1.680319614,-2.088445041,85.04672897,69.1588785
2024-10-15T14:15:00+05:30,25046.1,25052.9,25044.4,25051.9,25090.7325,25145.69865,25035.76635,25045.08093,25046.64225,25049.84599,25059.37716,25038.83856,1,0,464813,516424.05,56.61192573,47.20951589,NaN,NaN,NaN,NaN,NaN,NaN,0.972628976,-0.872658822,-1.845287797,94.91094148,84.38879773
2024-10-15T14:16:00+05:30,25051.15,25053.3,25047.75,25052.3,25090.61572,25145.5428,25035.68864,25045.76846,25046.86412,25049.89458,25059.30674,25039.38944,0,0,512722,524048.65,56.97259619,48.08322268,NaN,NaN,NaN,NaN,NaN,NaN,1.317812247,-0.198022488,-1.515834736,95.01246883,91.65671309
2024-10-15T14:17:00+05:30,25053.2,25055.95,25049.1,25054.45,25090.50722,25145.3916,25035.62285,25046.59528,25047.16161,25049.98479,25059.25841,25041.47872,0,0,505383,525841.8,58.94792093,49.25171032,NaN,NaN,NaN,NaN,NaN,NaN,1.616112092,0.504305379,-1.111806713,93.39207048,94.4384936
2024-10-15T14:18:00+05:30,25054.7,25055,25050.65,25051.95,25090.39046,25145.2307,25035.55021,25047.10525,25047.34939,25050.0237,25059.18569,25041.47872,0,0,538058,532572.55,55.74333068,49.7023298,NaN,NaN,NaN,NaN,NaN,NaN,1.568953359,0.849384987,-0.719568373,82.37885463,90.26113131
2024-10-15T14:19:00+05:30,25051.55,25059,25050.65,25057.6,25090.30177,25145.09974,25035.5038,25048.10475,25047.75137,25050.17373,25059.16991,25044.64518,0,0,449139,540104.45,60.91475292,50.53144234,NaN,NaN,NaN,NaN,NaN,NaN,1.82427802,1.560779152,-0.263498868,94.5631068,90.11134397
2024-10-15T14:20:00+05:30,25057,25062.8,25055.95,25062.55,25090.23112,25144.98347,25035.47877,25049.48049,25048.33171,25050.4188,25059.20355,25049.53786,0,0,415933,542295.2,64.7959471,51.59800179,NaN,NaN,NaN,NaN,64.7959471,NaN,2.206978607,2.495224391,0.288245784,99.15397631,92.03197924
2024-10-15T14:21:00+05:30,25062.4,25063.85,25059.45,25060.7,25090.15206,25144.8503,25035.45383,25050.54901,25048.81674,25050.62239,25059.21844,25049.53786,0,0,482395,490634.35,62.30576032,52.74104588,NaN,NaN,NaN,NaN,NaN,NaN,2.210463896,3.051325654,0.840861758,89.70588235,94.47432182
2024-10-15T14:22:00+05:30,25060,25061.85,25056.75,25057.1,25090.03732,25144.66917,25035.40547,25051.17292,25049.14157,25050.75066,25059.19736,25049.53786,0,0,642906,485822.25,57.66180761,53.61633811,NaN,NaN,NaN,NaN,NaN,NaN,1.859362671,3.165065097,1.305702426,77.94117647,88.93367838
2024-10-15T14:23:00+05:30,25056.9,25057.75,25051.2,25051.3,25089.91044,25144.49,25035.33088,25051.18502,25049.22622,25050.76154,25059.11878,25049.53786,0,0,615277,498069.8,51.05881923,54.1434426,NaN,NaN,NaN,NaN,NaN,NaN,1.159782072,2.755430016,1.595647944,58.9869281,75.54466231
2024-10-15T14:24:00+05:30,25051.6,25054,25049.65,25053.55,25089.73464,25144.24639,25035.22289,25051.41026,25049.39578,25050.81676,25059.06336,25049.53786,0,0,836204,522296.1,53.29327079,54.72862975,NaN,NaN,NaN,NaN,NaN,NaN,0.789543339,2.582577117,1.793033778,66.33986928,67.75599129
2024-10-15T14:25:00+05:30,25053.8,25055.45,25049,25049.6,25089.61925,25144.08954,25035.14895,25051.23785,25049.40379,25050.79266,25058.9692,25049.53786,0,0,538000,525500.3,49.05867846,55.38252069,NaN,NaN,49.05867846,NaN,NaN,NaN,0.247669188,2.102620264,1.854951075,50.60658579,58.64446106
2024-10-15T14:26:00+05:30,25049.7,25053.75,25048.65,25051.8,25089.5017,25143.92933,25035.07407,25051.29139,25049.49776,25050.81261,25058.89787,25049.53786,0,0,552104,535562.65,51.37607071,55.76511552,NaN,NaN,NaN,NaN,NaN,NaN,0.018537366,1.878122783,1.859585417,51.89620758,56.28088755
2024-10-15T14:27:00+05:30,25052.75,25061.6,25052.35,25060.1,25089.40877,25143.78286,25035.03469,25052.1303,25049.91353,25050.99652,25058.90983,25049.53786,0,0,531387,522964.7,58.96121627,56.40268452,NaN,NaN,NaN,NaN,NaN,NaN,0.386683344,2.342939597,1.956256253,81.15577889,61.21952409
2024-10-15T14:28:00+05:30,25059.25,25063.55,25057.9,25063.45,25089.31781,25143.62597,25035.00965,25053.20837,25050.44437,25051.24312,25058.955,25050.84803,0,0,591580,536037.55,61.56717523,57.0906623,NaN,NaN,NaN,NaN,NaN,NaN,0.79311389,2.947648615,2.154534725,97.94344473,76.99847707
2024-10-15T14:29:00+05:30,25063.15,25065.8,25060.1,25062.8,25089.23244,25143.47351,25034.99137,25054.12186,25050.92891,25051.47197,25058.99326,25050.84803,0,0,585617,545611.95,60.76096009,57.38702189,NaN,NaN,NaN,NaN,NaN,NaN,0.945156378,3.335980198,2.39082382,83.37950139,87.49290834
2024-10-15T14:30:00+05:30,25063.45,25069.7,25062.15,25064.9,25089.13487,25143.28515,25034.98459,25055.14835,25051.47679,25051.73787,25059.05204,25052.19122,0,0,750776,561303.65,62.47082335,57.77975241,NaN,NaN,NaN,NaN,62.47082335,NaN,1.103127415,3.769733088,2.666605673,77.19714964,86.17336525
2024-10-15T14:31:00+05:30,25064.85,25065.85,25060.9,25064.8,25089.06218,25143.15151,25034.97285,25056.06755,25051.99927,25051.99653,25059.10923,25052.30728,0,0,524664,555889.95,62.33153454,58.02143909,NaN,NaN,NaN,NaN,NaN,NaN,1.113620137,4.058630844,2.945010708,76.72209026,79.09958043
2024-10-15T14:32:00+05:30,25065.15,25066.6,25060.45,25061.4,25088.99327,25143.02824,25034.9583,25056.57541,25052.36793,25052.18274,25059.13202,25052.30728,0,0,480402,547957.8,57.62688046,58.15597836,NaN,NaN,NaN,NaN,NaN,NaN,0.817989807,3.967497966,3.149508159,60.57007126,71.49643705
2024-10-15T14:33:00+05:30,25061.75,25062.55,25057.15,25059.15,25088.92609,25142.91748,25034.9347,25056.8206,25052.63389,25052.3207,25059.1322,25052.30728,0,0,419388,542830.9,54.68531266,57.71101835,NaN,NaN,NaN,NaN,NaN,NaN,0.417510857,3.671396731,3.253885873,49.88123515,62.39113222
2024-10-15T14:34:00+05:30,25058.95,25061.8,25055.95,25057.3,25088.85329,25142.80095,25034.90563,25056.86626,25052.81688,25052.4193,25059.11397,25052.30728,0,0,437719,543723.35,52.32048547,56.81991394,NaN,NaN,NaN,NaN,NaN,NaN,-0.003115933,3.249990957,3.25310689,41.09263658,50.51464766
2024-10-15T14:35:00+05:30,25057.85,25058.65,25049.6,25050.95,25088.75691,25142.66379,25034.85003,25056.30281,25052.74366,25052.39021,25059.03274,25063.69516,0,1,496419,545303.65,45.10966056,55.5916211,NaN,NaN,NaN,NaN,NaN,NaN,-0.701493434,2.376240098,3.077733532,10.9263658,33.96674584
2024-10-15T14:36:00+05:30,25051.5,25058.8,25043.75,25043.75,25088.625,25142.49172,25034.75827,25055.1073,25052.39097,25052.21911,25058.88067,25057.83014,0,0,610051,550170.1,38.61171931,54.23090051,NaN,NaN,NaN,NaN,NaN,NaN,-1.589995765,1.090238825,2.68023459,0,17.33966746
2024-10-15T14:37:00+05:30,25043.8,25044.35,25033.35,25035,25088.44273,25142.29938,25034.58608,25053.19232,25051.70897,25051.87814,25058.64305,25049.68936,0,0,662559,558028.9,32.48712009,52.90435057,NaN,NaN,NaN,NaN,NaN,NaN,-2.646381353,-0.627742101,2.018639252,4.539202201,5.155189332
2024-10-15T14:38:00+05:30,25034.75,25035.95,25031.8,25034.2,25088.24806,25142.10653,25034.3896,25051.38353,25051.02235,25051.52808,25058.39984,25048.39787,0,0,665829,564417.45,31.98753901,51.38251259,NaN,NaN,31.98753901,NaN,NaN,NaN,-3.239233371,-2.030402461,1.208830909,6.332453826,3.623885342
2024-10-15T14:39:00+05:30,25034.65,25042,25034.65,25042,25088.10462,25141.94842,25034.26082,25050.48986,25050.66853,25051.3394,25058.23666,25048.39787,0,0,550304,569475.7,41.44262843,50.83850901,NaN,NaN,NaN,NaN,NaN,NaN,-2.954258467,-2.483992174,0.470266293,26.91292876,12.5948616
2024-10-15T14:40:00+05:30,25041.35,25042.65,25038,25041.7,25087.9742,25141.80095,25034.14745,25049.65273,25050.31682,25051.14852,25058.07211,25048.39787,0,0,516304,574494.25,41.20535878,50.11202959,NaN,NaN,NaN,NaN,NaN,NaN,-2.644207235,-2.834992751,-0.190785516,26.12137203,19.78891821
2024-10-15T14:41:00+05:30,25041.4,25044.45,25039.2,25039.2,25087.83831,25141.64648,25034.03015,25048.65723,25049.88087,25050.91192,25057.88433,25048.39787,0,0,542906,577519.8,39.1916711,48.69991922,NaN,NaN,NaN,NaN,NaN,NaN,-2.469064221,-3.277115792,-0.808051571,19.52506596,24.18645558
2024-10-15T14:42:00+05:30,25039.45,25040.85,25027.95,25029.85,25087.6028,25141.41541,25033.79019,25046.86607,25049.09534,25050.49485,25057.60538,25044.44158,0,0,808634,585806.2,32.74618831,46.6412773,NaN,NaN,NaN,NaN,NaN,NaN,-2.819183851,-4.332031385,-1.512847534,4.550898204,16.7324454
2024-10-15T14:43:00+05:30,25029.8,25032.3,25024.45,25031.5,25087.27923,25141.11618,25033.44229,25045.40263,25048.40533,25050.11872,25057.34563,25044.44158,0,0,1055130,607798.85,34.78449509,44.78581551,NaN,NaN,NaN,NaN,NaN,NaN,-2.771754289,-4.977540396,-2.205786106,15.5801105,13.21869155
2024-10-15T14:44:00+05:30,25030.85,25036.05,25030.85,25035.95,25087.11328,25140.94735,25033.2792,25044.50238,25047.91689,25049.83815,25057.13273,25044.44158,0,0,596046,595790.95,40.06073806,43.18509513,NaN,NaN,NaN,NaN,NaN,NaN,-2.292628084,-5.071571211,-2.778943127,27.28351127,15.80483999
2024-10-15T14:45:00+05:30,25035.9,25041.9,25034.55,25041.5,25086.97527,25140.79271,25033.15783,25044.21644,25047.66524,25049.67304,25056.97718,25044.44158,0,0,551168,596449.35,45.93566472,42.01396158,NaN,NaN,NaN,NaN,NaN,NaN,-1.49261458,-4.644711352,-3.152096772,40.45077106,27.77146427
2024-10-15T14:46:00+05:30,25040.85,25047.8,25040.65,25047.6,25086.85587,25140.64216,25033.06958,25044.53868,25047.66269,25049.63199,25056.88388,25033.23082,1,0,549134,596300.85,51.55588827,41.58031928,NaN,NaN,NaN,NaN,51.55588827,NaN,-0.494911477,-3.770736119,-3.275824642,60.76115486,42.83181239
2024-10-15T14:47:00+05:30,25047.75,25050.45,25040.3,25041.15,25086.72046,25140.47565,25032.96527,25044.21595,25047.40729,25049.46403,25056.72732,25033.23082,0,0,606309,600046.95,46.09895811,40.96700824,NaN,NaN,NaN,NaN,NaN,NaN,-0.225385288,-3.557556252,-3.332170964,44.71218206,48.64136932
2024-10-15T14:48:00+05:30,25041.1,25045.7,25039.6,25044,25086.60724,25140.33848,25032.876,25044.19539,25047.27367,25049.35583,25056.60068,25033.23082,0,0,499784,595457.15,48.68357594,40.70722898,NaN,NaN,NaN,NaN,NaN,NaN,0.167622684,-3.122642609,-3.290265293,56.91411936,54.12915209
2024-10-15T14:49:00+05:30,25043.9,25047.7,25040.95,25041.95,25086.4589,25140.15686,25032.76094,25043.98154,25047.0649,25049.20918,25056.45491,25033.23082,0,0,665377,599445.15,46.94001905,40.83796888,NaN,NaN,NaN,NaN,NaN,NaN,0.304335918,-2.909845395,-3.214181313,50.94614265,50.85748136
2024-10-15T14:50:00+05:30,25042.5,25047,25042.35,25042.5,25086.32889,25139.99604,25032.66175,25043.84044,25046.88588,25049.07632,25056.31605,25033.23082,0,0,592710,591541.85,47.48344874,41.47166383,NaN,NaN,NaN,NaN,NaN,NaN,0.438474126,-2.666088656,-3.104562782,69.42307692,59.09444631
2024-10-15T14:51:00+05:30,25042.85,25047.55,25042.55,25046,25086.17995,25139.80614,25032.55376,25044.04611,25046.85114,25049.0154,25056.2134,25033.23082,0,0,707281,600672.7,50.92775852,42.78885229,NaN,NaN,NaN,NaN,NaN,NaN,0.751229347,-2.165526097,-2.916755445,82.88461538,67.75127832
2024-10-15T14:52:00+05:30,25045.85,25051.65,25045.85,25050.1,25086.07515,25139.66137,25032.48893,25044.62267,25046.97855,25049.03688,25056.15257,25036.39478,0,0,552797,604292.45,54.67765178,44.40957463,NaN,NaN,NaN,NaN,54.67765178,NaN,1.196121501,-1.421603568,-2.617725069,94.30147059,82.2030543
2024-10-15T14:53:00+05:30,25049.65,25051.55,25044.5,25046.45,25085.96149,25139.50954,25032.41344,25044.7967,25046.95782,25048.98566,25056.05603,25036.39478,0,0,576424,612144.25,50.94531397,45.08833789,NaN,NaN,NaN,NaN,NaN,NaN,1.203199446,-1.113725762,-2.316925208,80.88235294,86.02281297
2024-10-15T14:54:00+05:30,25045.25,25048.4,25044,25047.4,25085.85034,25139.36351,25032.33717,25045.04464,25046.97516,25048.95426,25055.9699,25036.39478,0,0,554013,617958.95,51.86626404,45.84983112,NaN,NaN,NaN,NaN,NaN,NaN,1.226311807,-0.784035449,-2.010347256,84.375,86.51960784
2024-10-15T14:55:00+05:30,25047.15,25049.1,25040.55,25042.05,25085.75157,25139.24037,25032.26278,25044.75943,25046.78202,25048.81754,25055.83139,25036.39478,0,0,463009,616288.45,46.56444527,46.37645785,NaN,NaN,NaN,NaN,NaN,NaN,0.853416346,-0.943576823,-1.79699317,64.70588235,76.65441176
2024-10-15T14:56:00+05:30,25040.75,25047.85,25039.65,25047.05,25085.54782,25138.98088,25032.11477,25044.97758,25046.79252,25048.78254,25055.74402,25036.39478,0,0,984533,635012.55,51.54917894,47.71952861,NaN,NaN,NaN,NaN,NaN,NaN,0.910426364,-0.658960215,-1.569386579,83.08823529,77.38970588
2024-10-15T14:57:00+05:30,25046.25,25048.5,25037.9,25038,25085.37868,25138.77871,25031.97865,25044.31305,25046.44772,25048.56902,25055.56746,25036.39478,0,0,761285,639948.85,43.61795527,48.35049005,NaN,NaN,NaN,NaN,NaN,NaN,0.335191024,-1.150397799,-1.485588823,34.375,60.72303922
2024-10-15T14:58:00+05:30,25038.75,25039.05,25026.85,25028.95,25085.20963,25138.61053,25031.80872,25042.8499,25045.76153,25048.18053,25055.30261,25044.13849,0,1,625843,637949.55,37.41805949,48.16172729,NaN,NaN,37.41805949,NaN,NaN,NaN,-0.606932638,-2.24425462,-1.637321982,8.467741935,41.97699241
2024-10-15T14:59:00+05:30,25028.75,25035.5,25028.2,25030.3,25085.0221,25138.42434,25031.61987,25041.65467,25045.1552,25047.82646,25055.05383,25044.13849,0,0,695155,645192.1,38.81517615,47.65312097,NaN,NaN,NaN,NaN,NaN,NaN,-1.064540088,-2.967997092,-1.903457004,13.91129032,18.91801075
2024-10-15T15:00:00+05:30,25029.05,25033.9,25022.15,25031.4,25084.429,25137.85476,25031.00323,25040.67804,25044.61578,25047.50118,25054.81847,25044.13849,0,0,2142905,726522.15,39.99073813,46.82703881,NaN,NaN,NaN,NaN,NaN,NaN,-1.208001737,-3.413459175,-2.205457438,31.3559322,17.91165482
2024-10-15T15:01:00+05:30,25030.7,25050.5,25030.35,25050.05,25083.92421,25137.20959,25030.63882,25041.57061,25044.82889,25047.55165,25054.77102,25032.37826,1,0,2529101,825831.9,55.57536799,47.50392524,NaN,NaN,NaN,NaN,NaN,NaN,-0.024289107,-2.235818822,-2.211529715,94.57627119,46.6144979
2024-10-15T15:02:00+05:30,25050.7,25051.85,25043.55,25044.05,25083.61548,25136.78863,25030.44233,25041.80674,25044.79834,25047.48231,25054.66434,25032.37826,0,0,1699404,870370.4,50.98761524,47.66849947,NaN,NaN,NaN,NaN,NaN,NaN,0.356168423,-1.766319186,-2.122487609,73.73737374,66.55652571
2024-10-15T15:03:00+05:30,25043.85,25056.35,25039.3,25056.2,25083.33458,25136.36765,25030.30151,25043.17753,25045.24547,25047.65494,25054.67962,25037.34065,0,0,1769410,906084.4,58.46488116,48.49170391,NaN,NaN,NaN,NaN,58.46488116,NaN,1.370695825,-0.409117828,-1.779813653,99.56140351,89.29168281
2024-10-15T15:04:00+05:30,25056,25057.05,25050.15,25050.2,25083.07962,25135.96705,25030.19218,25043.84633,25045.43976,25047.70534,25054.63505,25037.34065,0,0,1731222,962843.2,54.07742629,48.9627023,NaN,NaN,NaN,NaN,NaN,NaN,1.568048044,0.180246402,-1.387801642,80.37249284,84.55709003
2024-10-15T15:05:00+05:30,25049.95,25052.15,25042.4,25043.7,25082.79019,25135.57108,25030.00929,25043.8324,25045.37154,25047.62602,25054.52624,25037.34065,0,0,1652628,1017916.2,49.72400699,48.87672005,NaN,NaN,NaN,NaN,NaN,NaN,1.20738243,0.121426395,-1.085956035,61.747851,80.56058245
2024-10-15T15:06:00+05:30,25043.5,25049.8,25042.3,25043.95,25082.48556,25135.15879,25029.81234,25043.8436,25045.31579,25047.55323,25054.42101,25037.34065,0,0,1732867,1077102.85,49.89109325,48.53482301,NaN,NaN,NaN,NaN,NaN,NaN,0.943886098,0.093901588,-0.84998451,62.46418338,68.19484241
2024-10-15T15:07:00+05:30,25043.8,25048.85,25042.1,25048.4,25082.21094,25134.77658,25029.64531,25044.27754,25045.43674,25047.57,25054.3611,25037.34065,0,0,1635549,1128564.85,52.89217502,48.67388452,NaN,NaN,NaN,NaN,NaN,NaN,1.020989384,0.426252219,-0.594737164,75.21489971,66.4756447
2024-10-15T15:08:00+05:30,25048.15,25051.15,25048.15,25050.85,25082.00982,25134.47213,25029.54751,25044.90349,25045.64902,25047.63495,25054.32616,25037.34065,0,0,1350564,1171103.85,54.50762053,48.86255284,NaN,NaN,NaN,NaN,NaN,NaN,1.17756966,0.877224911,-0.300344749,82.23495702,73.30468004
2024-10-15T15:09:00+05:30,25050.95,25057.65,25050.25,25057.65,25081.81266,25134.13203,25029.49329,25046.11744,25046.11965,25047.83327,25054.35923,25040.82581,0,0,1598978,1217783.9,58.73709643,49.73202792,NaN,NaN,NaN,NaN,NaN,NaN,1.650679296,1.763004371,0.112325075,100,85.81661891
2024-10-15T15:10:00+05:30,25057.55,25060.85,25057.15,25057.45,25081.63261,25133.78967,25029.47556,25047.19673,25046.56398,25048.0237,25054.38999,25041.35075,0,0,1692188,1272757.8,58.56463614,50.23313201,NaN,NaN,NaN,NaN,NaN,NaN,1.846896335,2.420945494,0.574049159,91.21447028,91.1498091
2024-10-15T15:11:00+05:30,25057.65,25065,25056.15,25064.3,25081.46247,25133.42729,25029.49764,25048.82562,25047.25951,25048.346,25054.48859,25048.07761,0,0,1898930,1332340.25,62.61352977,51.58995876,NaN,NaN,NaN,NaN,62.61352977,NaN,2.304981517,3.455276055,1.150294538,98.3663944,96.52695489
2024-10-15T15:12:00+05:30,25064.9,25068,25060.6,25061.95,25081.30653,25133.07189,25029.54116,25050.07556,25047.83561,25048.61539,25054.56284,25048.07761,0,0,1938573,1401629.05,60.43183996,53.23380022,NaN,NaN,NaN,NaN,NaN,NaN,2.310810968,4.038808248,1.72799728,86.80479826,92.12855431
2024-10-15T15:13:00+05:30,25062.85,25065.9,25056.6,25056.6,25081.11646,25132.69311,25029.53981,25050.69693,25048.17931,25048.7735,25054.58311,25048.07761,0,0,1979934,1471804.55,55.67563465,54.43811868,NaN,NaN,NaN,NaN,NaN,NaN,1.836149903,4.023184659,2.187034756,75.13631407,86.76916891
2024-10-15T15:14:00+05:30,25057.85,25058.5,25051.55,25052.65,25080.89161,25132.31043,25029.47278,25050.88294,25048.35463,25048.85026,25054.56387,25048.07761,0,0,1898423,1539025.05,52.396743,55.32426189,NaN,NaN,NaN,NaN,NaN,NaN,1.170368981,3.649995982,2.479627001,59.22974768,73.72362
2024-10-15T15:15:00+05:30,25052.85,25055.55,25050.65,25050.65,25080.62469,25131.87693,25029.37244,25050.86075,25048.44464,25048.8859,25054.52493,25048.07761,0,0,2137627,1622755.95,50.76648418,54.98077019,NaN,NaN,50.76648418,NaN,NaN,NaN,0.541476108,3.156472136,2.614996028,39.54703833,57.97103336
2024-10-15T15:16:00+05:30,25052.65,25060.1,25051.1,25059.95,25080.42351,25131.50265,25029.34437,25051.7264,25048.89583,25049.10499,25054.57891,25048.07761,0,0,1972001,1672129.35,57.40338057,55.43903914,NaN,NaN,NaN,NaN,NaN,NaN,0.68857702,3.475717303,2.787140283,71.95121951,56.90933517
2024-10-15T15:17:00+05:30,25059.85,25060.55,25055.6,25057.15,25080.19072,25131.05811,25029.32333,25052.24293,25049.21953,25049.2643,25054.60449,25048.07761,0,0,2398929,1754011.55,54.99944799,55.1915082,NaN,NaN,NaN,NaN,NaN,NaN,0.540581392,3.462867023,2.922285631,58.10810811,56.53545532
2024-10-15T15:18:00+05:30,25057.4,25057.7,25053.9,25054,25079.91635,25130.57073,25029.26198,25052.41027,25049.407,25049.35807,25054.59848,25048.07761,0,0,2591787,1852308.75,52.34370245,55.06767078,NaN,NaN,NaN,NaN,NaN,NaN,0.191814869,3.162054217,2.970239348,45.94594595,58.66842452
2024-10-15T15:19:00+05:30,25053.9,25055.9,25052.7,25055.6,25079.72652,25130.2366,25029.21644,25052.71405,25049.64986,25049.48168,25054.60844,25048.07761,0,0,1793091,1907205.55,53.57006896,55.34238949,NaN,NaN,NaN,NaN,NaN,NaN,0.038188673,3.017975189,2.979786516,52.12355212,52.05920206
2024-10-15T15:20:00+05:30,25055.45,25060.75,25055.1,25060.45,25079.47833,25129.73964,25029.21703,25053.45081,25050.07339,25049.69887,25054.66657,25048.07761,0,0,2850349,1942577.75,57.16816767,55.86218052,NaN,NaN,NaN,NaN,NaN,NaN,0.222246361,3.257594467,3.035348107,70.84942085,56.30630631
2024-10-15T15:21:00+05:30,25060.65,25069,25060.4,25067.75,25079.38953,25129.50052,25029.27854,25054.81264,25050.76659,25050.05632,25054.79675,25053.54692,0,0,1563410,1894293.2,61.9480554,56.50902912,NaN,NaN,NaN,NaN,NaN,NaN,0.764155889,3.990542968,3.226387079,94.00479616,72.32592305
2024-10-15T15:22:00+05:30,25067.25,25073.5,25065.85,25073.5,25079.33089,25129.27241,25029.38937,25056.59239,25051.6581,25050.52055,25054.98285,25059.21254,0,0,1695171,1894081.55,65.23867052,57.27553269,NaN,NaN,NaN,NaN,NaN,NaN,1.40129318,4.978003554,3.576710374,100,88.284739
2024-10-15T15:23:00+05:30,25073.55,25076.15,25073.25,25075.85,25079.30496,25129.09488,25029.51503,25058.42645,25052.6068,25051.02212,25055.19049,25062.21542,0,0,1498763,1880549.2,66.51322459,57.83097042,NaN,NaN,NaN,NaN,NaN,NaN,1.844543711,5.882390013,4.037846302,98.82352941,97.60944186
2024-10-15T15:24:00+05:30,25076.6,25077,25074.8,25076.45,25079.27781,25128.85837,25029.69724,25060.14297,25053.54183,25051.52565,25055.40202,25063.52578,0,0,2086248,1898300.5,66.84745566,58.42260038,NaN,NaN,NaN,NaN,66.84745566,NaN,2.027148852,6.571782366,4.544633515,97.91271347,98.91208096
2024-10-15T15:25:00+05:30,25076.25,25076.5,25074,25075.25,25079.25071,25128.66533,25029.8361,25061.58174,25054.39313,25051.99543,25055.59952,25063.52578,0,0,1676597,1899498.95,65.44064471,58.62453717,NaN,NaN,NaN,NaN,NaN,NaN,1.917321971,6.941285978,5.023964007,93.35863378,96.69829222
2024-10-15T15:26:00+05:30,25075.85,25075.9,25073.15,25074.1,25079.21153,25128.42877,25029.99429,25062.77395,25055.16595,25052.43315,25055.7836,25063.52578,0,0,2022664,1913988.8,64.04951388,58.88294245,NaN,NaN,NaN,NaN,NaN,NaN,1.628782589,7.059942244,5.431159655,88.9943074,93.42188488
2024-10-15T15:27:00+05:30,25073.95,25079.1,25073.3,25073.3,25079.18132,25128.21258,25030.15007,25063.77643,25055.87709,25052.84635,25055.95789,25063.52578,0,0,1922365,1928329.6,63.04547358,59.40935951,NaN,NaN,NaN,NaN,NaN,NaN,1.261979243,7.008633709,5.746654466,79.61335677,87.32209931
2024-10-15T15:28:00+05:30,25073.5,25074.6,25064.8,25066.75,25079.11641,25128.00224,25030.23057,25064.05963,25056.30348,25053.12167,25056.06528,25063.52578,0,0,1580477,1939825.25,55.38952597,59.62312972,NaN,NaN,NaN,NaN,NaN,NaN,0.495522125,6.366057122,5.870534997,56.59050967,75.06605794
2024-10-15T15:29:00+05:30,25066.7,25068.25,25059.55,25065.15,25079.05253,25127.84241,25030.26266,25064.16348,25056.6504,25053.35986,25056.15567,25063.52578,0,0,1104236,1915088.15,53.67486077,59.83087091,NaN,NaN,NaN,NaN,NaN,NaN,-0.166483245,5.66243094,5.828914185,50.17857143,62.12747929
2024-10-15T15:30:00+05:30,25066.15,25066.15,25066.15,25066.15,25079.05151,25127.83959,25030.26343,25064.35267,25057.02293,25053.61313,25056.25512,25063.52578,0,0,20329,1831495.2,54.62039467,59.6320862,NaN,NaN,NaN,NaN,NaN,NaN,-0.562011494,5.126399818,5.688411312,50.9469697,52.57201693
2024-10-15T15:32:00+05:30,25060.05,25060.05,25057.35,25057.35,25079.05151,25127.83959,25030.26343,25063.68575,25057.03576,25053.68713,25056.26601,25069.7217,0,1,0,1736548.7,45.76750655,58.97266181,NaN,NaN,NaN,NaN,NaN,NaN,-1.393914968,3.946017602,5.33993257,17.61363636,39.57972583
